id,timestamp,pair,delta_mi,mi_original,residual,deviation_pct,status,trend,slope_pct_per_hour,acceleration,confidence,n_points,created_at
1,2026-01-10T15:50:00,193-211,0.8926777808516979,1.3370818880029862,2.522314840430816,0.5130131878842338,NORMAL,insufficient_data,0.0,,,,2026-01-10 16:46:18
2,2026-01-10T15:50:00,193-304,0.11665384417133495,0.280825521410323,2.332692208566747,0.6664834881619277,NORMAL,insufficient_data,0.0,,,,2026-01-10 16:46:18
3,2026-01-10T15:51:00,193-211,0.8926777808516979,1.3370818880029862,2.522314840430816,0.5130131878842338,NORMAL,insufficient_data,0.0,,,,2026-01-10 16:46:18
4,2026-01-10T15:51:00,193-304,0.11665384417133495,0.280825521410323,2.332692208566747,0.6664834881619277,NORMAL,insufficient_data,0.0,,,,2026-01-10 16:46:18
5,2026-01-10T15:58:00,193-211,0.8701365265408896,1.3327867532767597,2.3344710545074134,0.47480767210320274,NORMAL,insufficient_data,0.0,,,,2026-01-10 16:46:18
6,2026-01-10T15:58:00,193-304,0.15849174974182478,0.3268387528392198,4.424587487091239,1.2641678534546394,NORMAL,insufficient_data,0.0,,,,2026-01-10 16:46:18
7,2026-01-10T16:08:00,193-211,0.916261773760386,1.3542471358308434,2.7188481146698833,0.5529860572209933,NORMAL,DECLINING,-7.639687186242234,,,,2026-01-10 16:46:18
8,2026-01-10T16:08:00,193-304,0.12139884536130463,0.25563334857519315,2.569942268065231,0.7342692194472088,NORMAL,RISING,96.10558707672378,,,,2026-01-10 16:46:18
9,2026-01-10T16:48:27,193-211,1.0013848445666964,1.4294405621012958,3.428207038055804,0.6972624484181296,NORMAL,STABLE,2.641166644719621,,,,2026-01-10 16:48:27
10,2026-01-10T16:48:27,193-304,0.15740997776927568,0.3251329220201402,4.370498888463784,1.2487139681325095,NORMAL,RISING,9.245941272659799,,,,2026-01-10 16:48:27
11,2026-01-10T16:59:04,193-211,1.0218904069484687,1.438760660052436,3.5990867245705727,0.7320176388957097,NORMAL,RISING,12.78184357072885,,,,2026-01-10 16:59:04
12,2026-01-10T16:59:04,193-304,0.136470018953343,0.324338713465945,3.323500947667149,0.9495716993334711,NORMAL,RISING,28.09732906893313,,,,2026-01-10 16:59:04
13,2026-01-10T17:09:41,193-211,0.9879323410226872,1.4208252473568201,3.3161028418557272,0.6744615949537073,NORMAL,ACCELERATING_UP,17.486299956346382,,,,2026-01-10 17:09:41
14,2026-01-10T17:09:41,193-304,0.14277405423585243,0.2920924408211727,3.638702711792621,1.0396293462264632,NORMAL,RISING,17.678143736030748,,,,2026-01-10 17:09:41
15,2026-01-10T17:20:30,193-211,0.743192188235712,1.0299549816218203,1.2766015686309335,0.2596477766706983,NORMAL,ACCELERATING_UP,15.242196822827166,3.5588772902260786,medium,7,2026-01-10 17:20:30
16,2026-01-10T17:20:30,193-304,0.11703042427689159,0.1914504013026357,2.351521213844579,0.671863203955594,NORMAL,RISING,19.249462661614356,-10.468027367992947,medium,7,2026-01-10 17:20:30
17,2026-01-10T17:31:08,193-211,0.8583873422178323,1.3021049905957867,2.2365611851486027,0.45489380036920735,NORMAL,RISING,9.063775999876533,-6.982305963424633,medium,8,2026-01-10 17:31:08
18,2026-01-10T17:31:08,193-304,0.14907532570731252,0.31799231887552803,3.9537662853656257,1.1296475101044645,NORMAL,RISING,3.6992190211013125,-10.173120125852831,medium,8,2026-01-10 17:31:08
19,2026-01-10T17:41:46,193-211,0.8974803181777684,1.3471327743989416,2.562335984814737,0.5211530816572347,NORMAL,STABLE,-0.6459901606049947,-5.39434987754137,high,9,2026-01-10 17:41:46
20,2026-01-10T17:41:46,193-304,0.151182582429227,0.33710705346006087,4.05912912146135,1.1597511775603855,NORMAL,RISING,12.263965579397349,-4.9426922485180045,high,9,2026-01-10 17:41:46
21,2026-01-10T17:52:25,193-211,0.9044709201210805,1.3576462192450078,2.620591001009005,0.5330015595272553,NORMAL,STABLE,0.0,-5.727213525979932,high,10,2026-01-10 17:52:25
22,2026-01-10T17:52:25,193-304,0.14410557813900393,0.3170468594001541,3.705278906950196,1.0586511162714844,NORMAL,RISING,13.827263626341207,-2.096623094064319,high,10,2026-01-10 17:52:25
23,2026-01-10T18:03:06,193-211,0.5297928961997451,0.7230153510708575,-0.5017258650021238,-0.10204593864449975,ELEVATED,STABLE,0.35266243912650236,-4.732903741964,high,11,2026-01-10 18:03:06
24,2026-01-10T18:03:06,193-304,0.11022554341588364,0.23964688689237068,2.0112771707941817,0.574650620226909,NORMAL,RISING,11.988876385383893,-2.5314978981673306,high,11,2026-01-10 18:03:06
25,2026-01-10T18:13:47,193-211,0.835119981370025,1.2711680195454633,2.042666511416875,0.4154575955424153,NORMAL,ACCELERATING_DOWN,-3.144245304830272,-6.5415617274337245,high,12,2026-01-10 18:13:47
26,2026-01-10T18:13:47,193-304,0.09897508430083057,0.2989456812715119,1.4487542150415282,0.4139297757261509,NORMAL,STABLE,0.8784115680482275,-4.192084163737783,high,12,2026-01-10 18:13:47
27,2026-01-10T18:24:25,193-211,1.0177394079450153,1.4573846495115133,3.564495066208461,0.7249820473644327,NORMAL,ACCELERATING_DOWN,-7.087507437443256,-2.5767974618666374,high,12,2026-01-10 18:24:25
28,2026-01-10T18:24:25,193-304,0.12001054384918408,0.24222568176739845,2.5005271924592036,0.7144363407026296,NORMAL,ACCELERATING_DOWN,-7.1303654368716485,-9.001945591666678,high,12,2026-01-10 18:24:25
29,2026-01-10T18:35:05,193-211,0.9526419889401767,1.3914148332472127,3.022016574501473,0.6146474388816555,NORMAL,DECLINING,-3.1696192348686023,0.2875597670203302,high,12,2026-01-10 18:35:05
30,2026-01-10T18:35:05,193-304,0.16563232897383706,0.3508446238279834,4.781616448691853,1.366176128197672,NORMAL,DECLINING,-11.147094594250119,-0.5329059146492329,high,12,2026-01-10 18:35:05
31,2026-01-10T18:45:43,193-211,0.955238436951034,1.372325621670063,3.0436536412586177,0.6190481982220917,NORMAL,DECLINING,-3.6083808782058266,5.175274339650002,high,12,2026-01-10 18:45:43
32,2026-01-10T18:45:43,193-304,0.11653656485133368,0.2895921793247691,2.3268282425666835,0.6648080693047667,NORMAL,ACCELERATING_DOWN,-5.213005109532205,-7.602825820604879,high,12,2026-01-10 18:45:43
33,2026-01-10T19:18:41,193-211,0.8440202100105232,1.1924667706750736,2.116835083421027,0.4305427288313953,NORMAL,STABLE,-2.8941928607832126,7.718666925822418,high,12,2026-01-10 19:18:41
34,2026-01-10T19:18:41,193-304,0.11718758518498262,0.24014047239443315,2.3593792592491307,0.6741083597854659,NORMAL,DECLINING,-9.620701500852487,-0.3947996586622499,high,12,2026-01-10 19:18:41
35,2026-01-10T19:19:35,193-211,0.8440202100105232,1.1924667706750736,2.116835083421027,0.4305427288313953,NORMAL,STABLE,-1.8527630327934907,7.226842550986662,high,12,2026-01-10 19:19:35
36,2026-01-10T19:19:35,193-304,0.11718758518498262,0.24014047239443315,2.3593792592491307,0.6741083597854659,NORMAL,DECLINING,-8.006456648634645,-0.936846525760814,high,12,2026-01-10 19:19:35
37,2026-01-10T19:22:18,193-211,0.7962229479199197,1.0691800143437522,1.7185245659993307,0.3495304202032537,NORMAL,STABLE,1.3903876575011564,-0.12726796972777144,high,12,2026-01-10 19:22:18
38,2026-01-10T19:22:18,193-304,0.10860710780369764,0.2260212928414731,1.9303553901848818,0.5515301114813947,NORMAL,DECLINING,-7.985915022532107,1.5691593348817388,high,12,2026-01-10 19:22:18
39,2026-01-10T19:30:10,193-211,0.7546045385801374,1.0526966588445994,1.3717044881678122,0.2789907433561652,NORMAL,STABLE,1.7053312272808436,-6.047425441981313,high,12,2026-01-10 19:30:10
40,2026-01-10T19:30:10,193-304,0.1255515407418688,0.26894619676942044,2.77757703709344,0.7935934391695542,NORMAL,DECLINING,-9.542191305227448,3.7971675734257144,high,12,2026-01-10 19:30:10
41,2026-01-10T19:40:48,193-211,0.9782263002550238,1.3933456709150471,3.235219168791865,0.6580106783983455,NORMAL,ACCELERATING_DOWN,-5.059091070526776,-7.614742285213523,high,12,2026-01-10 19:40:48
42,2026-01-10T19:40:48,193-304,0.16616438803874622,0.3389664104937644,4.808219401937311,1.3737769719820887,NORMAL,DECLINING,-11.255182230484442,4.242161578770915,high,12,2026-01-10 19:40:48
43,2026-01-10T19:51:26,193-211,0.7895666512321622,1.2083545257322283,1.663055426934685,0.33824856141044446,NORMAL,ACCELERATING_DOWN,-4.234823793892385,-4.8709645007458,high,12,2026-01-10 19:51:26
44,2026-01-10T19:51:26,193-304,0.1767250974746979,0.3740024296646629,5.336254873734894,1.524644249638541,NORMAL,STABLE,0.967370255167091,7.680190198929737,high,12,2026-01-10 19:51:26
45,2026-01-10T20:02:02,193-211,0.48832573683077385,0.6116516600035533,-0.8472855264102177,-0.17232925960885784,WARNING,ACCELERATING_DOWN,-5.335125141017915,-5.722227906657933,high,12,2026-01-10 20:02:02
46,2026-01-10T20:02:02,193-304,0.1645263106404311,0.30288597473211754,4.726315532021555,1.3503758662918728,NORMAL,ACCELERATING_UP,9.469516642895794,8.168779967825285,high,12,2026-01-10 20:02:02
47,2026-01-10T20:13:21,193-211,0.8063428997282793,1.0688221016226462,1.8028574977356613,0.36668288089538875,NORMAL,ACCELERATING_DOWN,-13.57879079051787,-10.392579270241981,high,12,2026-01-10 20:13:21
48,2026-01-10T20:13:21,193-304,0.16654120995348842,0.31570669681649655,4.827060497674421,1.3791601421926916,NORMAL,ACCELERATING_UP,19.81086297649871,9.375780345811782,high,12,2026-01-10 20:13:21
49,2026-01-10T20:23:59,193-211,0.8639747066501924,1.168104166765369,2.28312255541827,0.46436390957659734,NORMAL,DECLINING,-16.885432118183218,3.462316035474579,high,12,2026-01-10 20:23:59
50,2026-01-10T20:23:59,193-304,0.15364897078296957,0.275747112259483,4.182448539148479,1.1949852968995651,NORMAL,ACCELERATING_UP,21.024819360918208,8.221708132135271,high,12,2026-01-10 20:23:59
51,2026-01-10T20:34:37,193-211,0.5050082753276546,0.7027832675055814,-0.708264372269545,-0.1440537706310939,ELEVATED,DECLINING,-16.837148680183432,6.806657003052109,high,12,2026-01-10 20:34:37
52,2026-01-10T20:34:37,193-304,0.20059232378368863,0.3243389655459077,6.529616189184431,1.865604625481266,NORMAL,RISING,15.223228699741284,1.7002418390424803,high,12,2026-01-10 20:34:37
53,2026-01-10T20:45:15,193-211,0.7138603334184115,0.9543848409893769,1.0321694451534293,0.20993276850578224,NORMAL,DECLINING,-21.113534435522837,-1.963968484929354,high,12,2026-01-10 20:45:15
54,2026-01-10T20:45:15,193-304,0.18429346725268347,0.3849694652349336,5.714673362634173,1.632763817895478,NORMAL,RISING,23.447427930583792,1.8677326955778728,high,12,2026-01-10 20:45:15
55,2026-01-10T20:48:12,193-211,0.7400760017552175,0.9799047822264759,1.250633347960146,0.2543661046698602,NORMAL,DECLINING,-15.632619459338198,4.54410699442396,high,12,2026-01-10 20:48:12
56,2026-01-10T20:48:12,193-304,0.19556100181436786,0.3825761424323981,6.278050090718392,1.793728597348112,NORMAL,RISING,27.910010152222604,-0.5160895528489287,high,12,2026-01-10 20:48:12
57,2026-01-10T20:55:11,193-211,0.7314854366974286,1.0018599658052398,1.1790453058119053,0.239805824910896,NORMAL,DECLINING,-8.398113518552236,4.8801448787525725,high,12,2026-01-10 20:55:11
58,2026-01-10T20:55:11,193-304,0.17112157594565902,0.3496095055012982,5.056078797282951,1.444593942080843,NORMAL,RISING,28.705028022823974,-3.8605812373254484,high,12,2026-01-10 20:55:11
59,2026-01-10T21:05:50,193-211,0.833674540214778,1.150454551660495,2.030621168456484,0.4130076952792849,NORMAL,DECLINING,-7.51861367265725,3.959691971888194,high,12,2026-01-10 21:05:50
60,2026-01-10T21:05:50,193-304,0.18357278791852494,0.3889344570123967,5.678639395926246,1.6224683988360702,NORMAL,RISING,23.232172013353203,-5.974543563630222,high,12,2026-01-10 21:05:50
61,2026-01-10T21:15:51,193-211,0.7778663751419543,1.1447178607665744,1.5655531261829532,0.31841758498636336,NORMAL,DECLINING,-3.3552457994060862,3.790681514408382,high,12,2026-01-10 21:15:51
62,2026-01-10T21:15:51,193-304,0.15323000277995025,0.31049292269673767,4.161500138997512,1.1890000397135747,NORMAL,RISING,20.590755448112166,-7.107223774136613,high,12,2026-01-10 21:15:51
63,2026-01-10T21:26:32,193-211,0.7742107686989259,1.1054509776364094,1.5350897391577163,0.3122216418625864,NORMAL,STABLE,-1.2487963126689963,3.607272829045946,high,12,2026-01-10 21:26:32
64,2026-01-10T21:26:32,193-304,0.20730591020797284,0.4393964798090817,6.865295510398641,1.9615130029710404,NORMAL,RISING,6.9638980035904146,-4.638567272561215,high,12,2026-01-10 21:26:32
65,2026-01-10T21:37:19,193-211,0.7631985094971316,1.0481000003935739,1.4433209124760973,0.2935567957578503,NORMAL,STABLE,-2.0758740238669233,9.316124412213382,high,12,2026-01-10 21:37:19
66,2026-01-10T21:37:19,193-304,0.16971076926209827,0.34259965251717395,4.9855384631049136,1.4244395608871179,NORMAL,RISING,5.845940423240871,-0.20675552431159497,high,12,2026-01-10 21:37:19
67,2026-01-10T21:47:59,193-211,0.8759032956324386,1.2128445341190188,2.3825274636036555,0.48458185700413337,NORMAL,RISING,4.536806470421276,-0.12786367031464432,high,12,2026-01-10 21:47:59
68,2026-01-10T21:47:59,193-304,0.2057436850788621,0.440866109446187,6.787184253943104,1.939195501126601,NORMAL,STABLE,2.9994526738489844,-3.743923482577624,high,12,2026-01-10 21:47:59
69,2026-01-10T21:51:17,193-211,0.8759032956324386,1.2128445341190188,2.3825274636036555,0.48458185700413337,NORMAL,RISING,10.006929589454264,-2.117458892080755,high,12,2026-01-10 21:51:17
70,2026-01-10T21:51:17,193-304,0.2057436850788621,0.440866109446187,6.787184253943104,1.939195501126601,NORMAL,RISING,6.7172856059559996,0.39936966987717,high,12,2026-01-10 21:51:17
71,2026-01-10T22:01:55,193-211,0.9265785126285735,1.3028907058073171,2.804820938571446,0.570472055302667,NORMAL,ACCELERATING_UP,6.7425844868883145,3.0341390661270315,high,12,2026-01-10 22:01:55
72,2026-01-10T22:01:55,193-304,0.16955180486960497,0.3577100520371612,4.977590243480249,1.4221686409943566,NORMAL,RISING,7.6831610999391495,0.6415319297277203,high,12,2026-01-10 22:01:55
73,2026-01-10T22:12:32,193-211,0.8822728484011311,1.2928381625399838,2.435607070009426,0.4953777091544595,NORMAL,RISING,16.459175854198595,0.8267087075127194,high,12,2026-01-10 22:12:32
74,2026-01-10T22:12:32,193-304,0.19007979134778097,0.4331370419346179,6.0039895673890475,1.715425590682585,NORMAL,STABLE,1.9902299426011687,0.1310280806927965,high,12,2026-01-10 22:12:32
75,2026-01-10T22:23:12,193-211,0.8497276162929497,1.2429047205017536,2.1643968024412477,0.44021629880160973,NORMAL,RISING,17.746956591173337,-1.298226751501345,high,12,2026-01-10 22:23:12
76,2026-01-10T22:23:12,193-304,0.19445013040870762,0.45173687719734446,6.22250652043538,1.77785900583868,NORMAL,STABLE,-0.7476507722271436,3.747676619780775,high,12,2026-01-10 22:23:12
77,2026-01-10T22:44:42,193-211,0.660887087447311,0.854140056061186,0.5907257287275915,0.12014760584289998,NORMAL,RISING,11.557098441245959,-1.159025009504776,high,12,2026-01-10 22:44:42
78,2026-01-10T22:44:42,193-304,0.19281928413112714,0.37827684823774055,6.140964206556356,1.7545612018732446,NORMAL,STABLE,2.424301164164192,0.12924870315684892,high,12,2026-01-10 22:44:42
79,2026-01-10T22:55:20,193-211,0.7853808813697665,1.0261688542223064,1.628174011414721,0.3311540362199432,NORMAL,RISING,7.734704713062697,-4.602215553117322,high,12,2026-01-10 22:55:20
80,2026-01-10T22:55:20,193-304,0.18393670579344734,0.3813264762287045,5.696835289672366,1.6276672256206761,NORMAL,RISING,3.1466735936490133,1.0911437217479942,high,12,2026-01-10 22:55:20
81,2026-01-10T23:05:59,193-211,0.5231647569628128,0.6819984543600999,-0.5569603586432261,-0.11328007294438497,ELEVATED,STABLE,2.3490872428997953,-5.311947365844373,high,12,2026-01-10 23:05:59
82,2026-01-10T23:05:59,193-304,0.19108074949771714,0.398298725533099,6.054037474885856,1.7297249928245304,NORMAL,RISING,3.5436452179508575,-4.833971232731775,high,12,2026-01-10 23:05:59
83,2026-01-10T23:29:29,193-211,0.6709194214597032,0.981836692721183,0.6743285121641934,0.13715156179610716,NORMAL,ACCELERATING_DOWN,-6.06720306421109,-9.735602214340858,high,12,2026-01-10 23:29:29
84,2026-01-10T23:29:29,193-304,0.20269953448014277,0.4351134230192244,6.634976724007138,1.8957076354306108,NORMAL,STABLE,0.45917637496673236,-2.2283361903626506,high,12,2026-01-10 23:29:29
85,2026-01-10T23:40:09,193-211,0.7976672385403334,1.102954087028468,1.7305603211694451,0.3519783704073448,NORMAL,ACCELERATING_DOWN,-8.2029584097666,-9.914274407494759,high,12,2026-01-10 23:40:09
86,2026-01-10T23:40:09,193-304,0.22224331166261724,0.45964179373513225,7.612165583130861,2.174904452323103,NORMAL,STABLE,2.57327599982087,0.725260520702484,high,12,2026-01-10 23:40:09
87,2026-01-10T23:51:06,193-211,0.8119357770888453,1.0769428103081142,1.8494648090737116,0.3761623340488905,NORMAL,ACCELERATING_DOWN,-8.217465549313086,-5.137198663547218,high,12,2026-01-10 23:51:06
88,2026-01-10T23:51:06,193-304,0.2103284800684886,0.43272448039088474,7.0164240034244285,2.0046925724069795,NORMAL,STABLE,2.4790409852025896,3.2576052992750433,high,12,2026-01-10 23:51:06
89,2026-01-11T00:01:44,193-211,0.8618996818077465,1.2065216049830738,2.2658306817312206,0.4608469183182144,NORMAL,DECLINING,-7.755577210095114,3.44137728124658,high,12,2026-01-11 00:01:44
90,2026-01-11T00:01:44,193-304,0.193721808732902,0.4448448904260722,6.1860904366451,1.7674544104700285,NORMAL,ACCELERATING_UP,8.186623204195206,3.385893407697291,high,12,2026-01-11 00:01:44
91,2026-01-11T00:12:23,193-211,0.9214105524060203,1.3041391721914746,2.761754603383503,0.5617128006881701,NORMAL,DECLINING,-6.585134939135044,10.397864357066766,high,12,2026-01-11 00:12:23
92,2026-01-11T00:12:23,193-304,0.19532529270169974,0.4437531583334273,6.266264635084986,1.790361324309996,NORMAL,STABLE,1.7824556135269127,4.57202555015758,high,12,2026-01-11 00:12:23
93,2026-01-11T00:23:02,193-211,0.920291280089149,1.2969249104269087,2.7524273340762417,0.5598157289646594,NORMAL,STABLE,-1.485117128288185,12.066202689538624,high,12,2026-01-11 00:23:02
94,2026-01-11T00:23:02,193-304,0.22144484487082217,0.5174330297672869,7.572242243541107,2.1634977838688876,NORMAL,RISING,4.55090037489954,1.3816236501340626,high,12,2026-01-11 00:23:02
95,2026-01-11T00:33:42,193-211,0.914549995059259,1.292373052400552,2.704583292160492,0.5500847373885748,NORMAL,ACCELERATING_UP,3.162534456369485,14.823203654553637,high,12,2026-01-11 00:33:42
96,2026-01-11T00:33:42,193-304,0.20339584233276664,0.49867919780806336,6.669792116638331,1.9056548904680946,NORMAL,RISING,8.95876197439413,-0.7953922509397604,high,12,2026-01-11 00:33:42
97,2026-01-11T00:44:20,193-211,0.869682523321833,1.2536719828505678,2.330687694348609,0.474038175121751,NORMAL,ACCELERATING_UP,12.63595034221066,9.237127893889252,high,12,2026-01-11 00:44:20
98,2026-01-11T00:44:20,193-304,0.2203810994260076,0.5331028772737341,7.5190549713003785,2.1483014203715367,NORMAL,RISING,5.4826096773758035,-1.5504672187539061,high,12,2026-01-11 00:44:20
99,2026-01-11T00:55:00,193-211,0.8315002895166126,1.2479250188773579,2.0125024126384385,0.4093225246044282,NORMAL,ACCELERATING_UP,16.352947547676543,2.748752390606918,high,12,2026-01-11 00:55:00
100,2026-01-11T00:55:00,193-304,0.19974023233964644,0.5240643499753928,6.487011616982321,1.8534318905663774,NORMAL,RISING,6.542801796803878,-1.1517060893421083,high,12,2026-01-11 00:55:00
101,2026-01-11T01:05:39,193-211,0.8449788782314833,1.223504469595948,2.124823985262361,0.43216759022285317,NORMAL,RISING,17.323479196029012,-4.550759983986898,high,12,2026-01-11 01:05:39
102,2026-01-11T01:05:39,193-304,0.18858694004667065,0.45930544852573796,5.9293470023335315,1.6940991435238661,NORMAL,RISING,4.967351866458186,-2.459197101514825,high,12,2026-01-11 01:05:39
103,2026-01-11T01:16:18,193-211,0.8311957929815721,1.2079114911663629,2.009964941513101,0.40880642878232565,NORMAL,RISING,11.608244799771644,-8.463773114699306,high,12,2026-01-11 01:16:18
104,2026-01-11T01:16:18,193-304,0.2139805736819529,0.5341029707824507,7.199028684097644,2.0568653383136124,NORMAL,STABLE,2.679890199161896,-4.066143227823235,high,12,2026-01-11 01:16:18
105,2026-01-11T01:26:57,193-211,0.8723248176256853,1.2621082198159854,2.3527068135473774,0.4785166400435344,NORMAL,RISING,10.19365836107572,-10.101422892536288,high,12,2026-01-11 01:26:57
106,2026-01-11T01:26:57,193-304,0.22673931654952373,0.5361730883294022,7.8369658274761855,2.2391330935646243,NORMAL,STABLE,0.8369007309862252,-1.3611957401695074,high,12,2026-01-11 01:26:57
107,2026-01-11T01:37:34,193-211,0.8413348590812095,1.2143914818648245,2.0944571590100796,0.4259912865783213,NORMAL,RISING,3.389066053677502,-7.357983036814379,high,12,2026-01-11 01:37:34
108,2026-01-11T01:37:34,193-304,0.21228667741129215,0.5256755508140012,7.114333870564606,2.032666820161316,NORMAL,STABLE,1.3055393003526654,1.3667561160963642,high,12,2026-01-11 01:37:34
109,2026-01-11T01:48:13,193-211,0.859201056319387,1.2570265787050294,2.2433421359948924,0.4562729768125205,NORMAL,STABLE,0.17734388996330694,-3.412969873003536,high,12,2026-01-11 01:48:13
110,2026-01-11T01:48:13,193-304,0.19598033612942967,0.48374310475005355,6.299016806471482,1.7997190875632807,NORMAL,STABLE,0.9263760862604997,1.5897046179310745,high,12,2026-01-11 01:48:13
111,2026-01-11T01:58:52,193-211,0.8335780328013094,1.2247891808812925,2.0298169400109116,0.41284412339204984,NORMAL,STABLE,-1.7705077398853895,-0.7490896518884915,high,12,2026-01-11 01:58:52
112,2026-01-11T01:58:52,193-304,0.21124459281332353,0.5271251624675921,7.0622296406661755,2.017779897333193,NORMAL,STABLE,0.9897661717380232,-0.6654526771763274,high,12,2026-01-11 01:58:52
113,2026-01-11T02:09:32,193-211,0.0,0.0,-4.916666666666667,-1.0,ALERT,DECLINING,-4.091174993588332,0.5612647385751205,high,12,2026-01-11 02:09:32
114,2026-01-11T02:09:32,193-304,0.11116361857355983,0.20991768162561586,2.058180928677991,0.5880516939079974,NORMAL,RISING,3.022917708937647,-1.0268258518855473,high,12,2026-01-11 02:09:32
115,2026-01-11T02:20:11,193-211,0.7863758779642707,1.12363708799049,1.6364656497022558,0.33284047112588255,NORMAL,DECLINING,-7.59654924419821,0.7437076385738768,high,12,2026-01-11 02:20:11
116,2026-01-11T02:20:11,193-304,0.20959672431524012,0.42806702645323647,6.979836215762005,1.9942389187891443,NORMAL,ACCELERATING_DOWN,-3.2887099408531792,-6.311708668647956,high,12,2026-01-11 02:20:11
117,2026-01-11T02:30:52,193-211,0.864316653573729,1.274913979201977,2.2859721131144086,0.46494348063343904,NORMAL,DECLINING,-8.19175253562969,-0.6089914069767912,high,12,2026-01-11 02:30:52
118,2026-01-11T02:30:52,193-304,0.21845326945203336,0.5107664229189979,7.422663472601667,2.120760992171905,NORMAL,DECLINING,-3.295727102750396,-1.5065718496588547,high,12,2026-01-11 02:30:52
119,2026-01-11T02:41:31,193-211,0.8680744976897232,1.2560721025294574,2.317287480747694,0.4713127079486835,NORMAL,DECLINING,-4.709905441335841,1.0876082054397138,high,12,2026-01-11 02:41:31
120,2026-01-11T02:41:31,193-304,0.2083640114416001,0.4922117693331778,6.918200572080004,1.9766287348800011,NORMAL,STABLE,-1.78172189963341,-0.7030490187625554,high,12,2026-01-11 02:41:31
121,2026-01-11T02:52:11,193-211,0.8985690190624762,1.3224920109608815,2.571408492187302,0.5229983373940276,NORMAL,STABLE,-0.2665724271889558,0.504389029070693,high,12,2026-01-11 02:52:11
122,2026-01-11T02:52:11,193-304,0.14094588284954845,0.3083272788577096,3.5472941424774223,1.0135126121364062,NORMAL,STABLE,-2.020817472291105,0.4405583594436795,high,12,2026-01-11 02:52:11
123,2026-01-11T03:02:51,193-211,0.9099910538856948,1.3245702156529875,2.6665921157141237,0.5423577184503302,NORMAL,STABLE,2.63730197551983,3.2695869048944086,high,12,2026-01-11 03:02:51
124,2026-01-11T03:02:51,193-304,0.19461513654473972,0.48537541099738224,6.230756827236985,1.7802162363534244,NORMAL,STABLE,-2.13507074847977,-1.318821078915807,high,12,2026-01-11 03:02:51
125,2026-01-11T03:13:30,193-211,0.914809386858737,1.3168193523829022,2.7067448904894755,0.550524384506334,NORMAL,ACCELERATING_UP,3.52205298377384,4.924033675482662,high,12,2026-01-11 03:13:30
126,2026-01-11T03:13:30,193-304,0.0,0.0,-3.5000000000000004,-1.0,ALERT,STABLE,-2.3999039111973604,-0.04904762887497599,high,12,2026-01-11 03:13:30
127,2026-01-11T03:24:09,193-211,0.8955150768813525,1.3103000035900498,2.545958974011271,0.5178221642056822,NORMAL,ACCELERATING_UP,5.59822176521772,3.8028485119583566,high,12,2026-01-11 03:24:09
128,2026-01-11T03:24:09,193-304,0.20911450129348363,0.5127800710781827,6.955725064674181,1.9873500184783373,NORMAL,ACCELERATING_DOWN,-12.285839252330446,-4.720215810005187,high,12,2026-01-11 03:24:09
129,2026-01-11T03:34:49,193-211,0.8845769121121361,1.3088955606049604,2.4548076009344677,0.4992829018849765,NORMAL,ACCELERATING_UP,5.2095347264059875,3.988385719000803,high,12,2026-01-11 03:34:49
130,2026-01-11T03:34:49,193-304,0.21480384408343856,0.5043898063197858,7.240192204171927,2.0686263440491217,NORMAL,DECLINING,-8.137627871789027,-1.5606066499260303,high,12,2026-01-11 03:34:49
131,2026-01-11T03:45:28,193-211,0.8845769121121361,1.3088955606049604,2.4548076009344677,0.4992829018849765,NORMAL,RISING,5.6498854483051,0.9014615472205995,high,12,2026-01-11 03:45:28
132,2026-01-11T03:45:28,193-304,0.21480384408343856,0.5043898063197858,7.240192204171927,2.0686263440491217,NORMAL,STABLE,-1.4190634085262466,2.5144870807236424,high,12,2026-01-11 03:45:28
133,2026-01-11T12:01:07,193-211,0.9785297462059814,1.2631879998610671,3.2377478850498456,0.6585249935694601,NORMAL,RISING,8.540219036979465,-3.901198436641709,high,12,2026-01-11 12:01:07
134,2026-01-11T12:01:07,193-304,0.10441046682025545,0.17634222504700592,1.7205233410127723,0.49157809743222064,NORMAL,ACCELERATING_UP,4.333305188555427,5.073434213379148,high,12,2026-01-11 12:01:07
135,2026-01-11T12:09:27,193-211,0.9885978383347886,1.2695418993792567,3.321648652789906,0.6755895564996419,NORMAL,RISING,6.682859425840329,0.2506585121455673,high,12,2026-01-11 12:09:27
136,2026-01-11T12:09:27,193-304,0.21310770664054957,0.488632706423477,7.155385332027477,2.044395809150708,NORMAL,STABLE,-1.1080597652636697,14.046698806988204,high,12,2026-01-11 12:09:27
137,2026-01-11T12:19:41,193-211,0.9966414231079144,1.2810938278387818,3.388678525899287,0.6892227510303635,NORMAL,RISING,6.504098716138324,1.6222531226287056,high,12,2026-01-11 12:19:41
138,2026-01-11T12:19:41,193-304,0.2344478724150827,0.479948248513125,8.222393620754135,2.349255320215467,NORMAL,STABLE,0.3448867191782406,4.660938164116894,high,12,2026-01-11 12:19:41
139,2026-01-11T12:24:27,193-211,0.6727093126092654,0.8363393552812814,0.6892442717438784,0.1401852756089244,NORMAL,RISING,6.485587265178565,1.8334752928103042,high,12,2026-01-11 12:24:27
140,2026-01-11T12:24:27,193-304,0.21708632137109385,0.4238747386868238,7.3543160685546916,2.1012331624441973,NORMAL,ACCELERATING_UP,12.568141929897203,4.145426949862696,high,12,2026-01-11 12:24:27
141,2026-01-11T12:34:20,193-211,0.9269024596697468,1.1977565447534024,2.8075204972478907,0.5710211180843168,NORMAL,RISING,5.670096027620765,1.5983074982361167,high,12,2026-01-11 12:34:20
142,2026-01-11T12:34:20,193-304,0.22842336451325185,0.4934736693535884,7.9211682256625915,2.263190921617883,NORMAL,ACCELERATING_UP,17.196261687700897,18.339786323443878,high,12,2026-01-11 12:34:20
143,2026-01-11T12:42:22,193-211,0.6903682444542643,0.8362304804634673,0.8364020371188691,0.17011566856654964,NORMAL,RISING,3.754535165492199,0.25344154142603975,high,12,2026-01-11 12:42:22
144,2026-01-11T12:42:22,193-304,0.16982413407758257,0.30932474911951857,4.991206703879128,1.4260590582511794,NORMAL,RISING,11.984238233858905,-0.49571064571242457,high,12,2026-01-11 12:42:22
145,2026-01-11T12:45:02,193-211,0.6903682444542643,0.8362304804634673,0.8364020371188691,0.17011566856654964,NORMAL,RISING,3.355061049407889,-4.530323107638479,high,12,2026-01-11 12:45:02
146,2026-01-11T12:45:02,193-304,0.16982413407758257,0.30932474911951857,4.991206703879128,1.4260590582511794,NORMAL,RISING,8.780896399990437,-1.5087098484096018,high,12,2026-01-11 12:45:02
147,2026-01-11T12:58:45,193-211,0.9409907931336692,1.2147470414765804,2.92492327611391,0.5948996493791003,NORMAL,STABLE,-0.6352194913118215,-9.04000766940858,high,12,2026-01-11 12:58:45
148,2026-01-11T12:58:45,193-304,0.254475098410035,0.5348019485468081,9.22375492050175,2.6353585487147857,NORMAL,STABLE,0.5297925047508885,-5.8605616481951,high,12,2026-01-11 12:58:45
149,2026-01-11T12:59:21,193-211,0.9409907931336692,1.2147470414765804,2.92492327611391,0.5948996493791003,NORMAL,STABLE,0.0,-2.613915526066328,high,12,2026-01-11 12:59:21
150,2026-01-11T12:59:21,193-304,0.254475098410035,0.5348019485468081,9.22375492050175,2.6353585487147857,NORMAL,RISING,6.013768883388998,-1.4186590320774486,high,12,2026-01-11 12:59:21
151,2026-01-11T13:04:55,193-211,0.9938979464444664,1.2756490863733543,3.3658162203705535,0.6845727905838415,NORMAL,STABLE,-0.06462494037082295,-1.2951922803732354,high,12,2026-01-11 13:04:55
152,2026-01-11T13:04:55,193-304,0.24677404633495392,0.5315104843446292,8.838702316747696,2.52534351907077,NORMAL,RISING,12.474998368602039,-2.6247598401543457,high,12,2026-01-11 13:04:55
153,2026-01-11T13:09:05,193-211,0.9522637050663509,1.2195522854899319,3.0188642088862583,0.6140062797734762,NORMAL,STABLE,0.10035979739171788,1.9510193981083293,high,12,2026-01-11 13:09:05
154,2026-01-11T13:09:05,193-304,0.23705351621548676,0.5262221244113778,8.352675810774338,2.386478803078382,NORMAL,RISING,19.171668527213566,-15.97087703804387,high,12,2026-01-11 13:09:05
155,2026-01-11T13:10:13,193-211,0.9685773428380893,1.2480290722731526,3.154811190317411,0.6416565132848971,NORMAL,STABLE,0.22259048095438957,6.279113416407952,high,12,2026-01-11 13:10:13
156,2026-01-11T13:10:13,193-304,0.2354471567702907,0.5183893700066102,8.272357838514536,2.3635308110041526,NORMAL,ACCELERATING_UP,7.723457173954717,5.349941641006958,high,12,2026-01-11 13:10:13
157,2026-01-11T13:19:48,193-211,0.9676202677432366,1.2382507735175228,3.146835564526972,0.6400343521071808,NORMAL,STABLE,1.7528223102151963,5.718338201345949,high,12,2026-01-11 13:19:48
158,2026-01-11T13:19:48,193-304,0.24798004759197045,0.5359179951601174,8.899002379598523,2.5425721084567203,NORMAL,RISING,10.771280840218392,-4.189252513319374,high,12,2026-01-11 13:19:48
159,2026-01-11T13:20:36,193-211,0.9676202677432366,1.2382507735175228,3.146835564526972,0.6400343521071808,NORMAL,STABLE,1.7528223102151963,5.718338201345949,high,12,2026-01-11 13:20:36
160,2026-01-11T13:20:36,193-304,0.24798004759197045,0.5359179951601174,8.899002379598523,2.5425721084567203,NORMAL,RISING,10.771280840218392,-4.189252513319374,high,12,2026-01-11 13:20:36
161,2026-01-11T13:30:54,193-211,0.9517333956463481,1.2231260668951998,3.014444963719568,0.6131074502480477,NORMAL,ACCELERATING_UP,3.4945466601004274,7.30096669636099,high,12,2026-01-11 13:30:54
162,2026-01-11T13:30:54,193-304,0.23708302625856081,0.5143561138630979,8.35415131292804,2.386900375122297,NORMAL,ACCELERATING_UP,6.2987806148624355,3.087741670203818,high,12,2026-01-11 13:30:54
163,2026-01-11T13:45:00,193-211,0.9298293716596246,1.2441522101977807,2.831911430496872,0.5759819858637707,NORMAL,RISING,3.4624753293465584,-5.882564641271115,high,12,2026-01-11 13:45:00
164,2026-01-11T13:45:00,193-304,0.20326069059527807,0.4730849223250786,6.663034529763903,1.903724151361115,NORMAL,ACCELERATING_DOWN,-4.335592375787497,-8.453587494460715,high,12,2026-01-11 13:45:00
165,2026-01-11T13:46:31,193-211,0.7469952066346437,1.0658809083825087,1.3082933886220312,0.2660935705671928,NORMAL,STABLE,1.1242976834913654,-2.328913764533832,high,12,2026-01-11 13:46:31
166,2026-01-11T13:46:31,193-304,0.24919650001736748,0.5950174027527391,8.959825000868374,2.5599500002481066,NORMAL,ACCELERATING_DOWN,-9.285529508149574,-2.0349916175464067,high,12,2026-01-11 13:46:31
167,2026-01-11T13:55:31,193-211,0.9130837078993794,1.217835862711687,2.6923642324948287,0.5475995049142025,NORMAL,STABLE,-1.4344414697459162,-0.7730468369884991,high,12,2026-01-11 13:55:31
168,2026-01-11T13:55:31,193-304,0.2116858407240496,0.49508302725679343,7.08429203620248,2.024083438914994,NORMAL,DECLINING,-10.068122498353665,1.7310219845184833,high,12,2026-01-11 13:55:31
169,2026-01-11T14:05:49,193-211,0.9134001254193569,1.313056812145308,2.6950010451613076,0.5481358057955202,NORMAL,DECLINING,-3.5771013629712938,-0.6416915875701492,high,12,2026-01-11 14:05:49
170,2026-01-11T14:05:49,193-304,0.22995366982352472,0.5314839974462684,7.997683491176235,2.2850524260503526,NORMAL,DECLINING,-8.790380589194964,2.3725775282957806,high,12,2026-01-11 14:05:49
171,2026-01-11T14:10:28,193-211,0.9726142801269217,1.3776141724333932,3.188452334391015,0.6484987798761387,NORMAL,DECLINING,-3.2979463538215583,1.0186298307185024,high,12,2026-01-11 14:10:28
172,2026-01-11T14:10:28,193-304,0.21713196147053804,0.4817651385874093,7.356598073526901,2.1018851638648286,NORMAL,DECLINING,-5.695412806350062,3.6994623937917166,high,12,2026-01-11 14:10:28
173,2026-01-11T14:17:12,193-211,0.917026858110523,1.313339754399606,2.725223817587692,0.5542828103568187,NORMAL,STABLE,0.16266038637500407,3.360681793687565,high,12,2026-01-11 14:17:12
174,2026-01-11T14:17:12,193-304,0.2264823707155026,0.5178906936216832,7.824118535775129,2.2354624387928936,NORMAL,STABLE,-1.8855927912950279,0.8322948827930822,high,12,2026-01-11 14:17:12
175,2026-01-11T14:20:45,193-211,0.9739267372908644,1.3641559652085364,3.1993894774238707,0.6507232835438381,NORMAL,STABLE,-0.7693569763891067,3.7548449619580775,high,12,2026-01-11 14:20:45
176,2026-01-11T14:20:45,193-304,0.25092328910818207,0.585407524700928,9.046164455409103,2.584618415831172,NORMAL,DECLINING,-5.433520675736745,3.830511998960125,high,12,2026-01-11 14:20:45
177,2026-01-11T14:23:26,193-211,0.9546710364705389,1.3273229076125297,3.0389253039211575,0.6180865024924388,NORMAL,STABLE,0.6303414954321378,1.5609244601569436,high,12,2026-01-11 14:23:26
178,2026-01-11T14:23:26,193-304,0.20239909030222325,0.43200012817975697,6.619954515111162,1.8914155757460462,NORMAL,STABLE,2.5984491927363775,-4.7597382973529365,high,12,2026-01-11 14:23:26
179,2026-01-11T14:33:47,193-211,0.9064768780025747,1.2205840297086117,2.6373073166881227,0.5364014881399572,NORMAL,STABLE,1.5393470946471688,0.21327037293265533,high,12,2026-01-11 14:33:47
180,2026-01-11T14:33:47,193-304,0.18841392841960936,0.39241668836530774,5.920696420980467,1.691627548851562,NORMAL,STABLE,-2.7342748668929193,-2.4084523234837865,high,12,2026-01-11 14:33:47
181,2026-01-11T14:44:08,193-211,0.8546201881169049,1.1489970335445774,2.205168234307541,0.44850879341848293,NORMAL,STABLE,1.2241334177816963,-1.9544260687088648,high,12,2026-01-11 14:44:08
182,2026-01-11T14:44:08,193-304,0.20484916526249775,0.4125590616122574,6.742458263124886,1.9264166466071104,NORMAL,ACCELERATING_DOWN,-5.196102766857306,-3.9545722591632013,high,12,2026-01-11 14:44:08
183,2026-01-11T14:54:28,193-211,0.9512573580966732,1.3217500905969546,3.010477984138944,0.6123006069435141,NORMAL,STABLE,0.13541057210812882,-5.636410683729354,high,12,2026-01-11 14:54:28
184,2026-01-11T14:54:28,193-304,0.16943937296850553,0.36512741357702705,4.9719686484252765,1.4205624709786502,NORMAL,ACCELERATING_DOWN,-8.469506542583733,-2.70084732991708,high,12,2026-01-11 14:54:28
185,2026-01-11T15:04:49,193-211,0.9340976543912527,1.2641007498567545,2.8674804532604394,0.5832163633750046,NORMAL,STABLE,-0.5872690746144528,-2.5638437467774984,high,12,2026-01-11 15:04:49
186,2026-01-11T15:04:49,193-304,0.232273152596008,0.5509935116960012,8.1136576298004,2.3181878942286853,NORMAL,ACCELERATING_DOWN,-9.324988410267801,-5.346240883715472,high,12,2026-01-11 15:04:49
187,2026-01-11T15:15:10,193-211,0.8971651693034834,1.2411793208901312,2.5597097441956955,0.5206189310228534,NORMAL,STABLE,-1.826476030822593,-1.7329769265762331,high,12,2026-01-11 15:15:10
188,2026-01-11T15:15:10,193-304,0.2269882985560976,0.5186066396246378,7.849414927804879,2.2426899793728223,NORMAL,DECLINING,-8.649512037763849,0.38698468151573495,high,12,2026-01-11 15:15:10
189,2026-01-11T15:25:31,193-211,0.8639378642146323,1.2517069991111924,2.282815535121936,0.4643014647705632,NORMAL,STABLE,-2.8838794859449917,-0.6181024994738268,high,12,2026-01-11 15:25:31
190,2026-01-11T15:25:31,193-304,0.19025870207179096,0.4844148120758236,6.012935103589547,1.717981458168442,NORMAL,DECLINING,-8.661569481888272,5.788883753059861,high,12,2026-01-11 15:25:31
191,2026-01-11T15:35:49,193-211,0.9106127909405286,1.2725686851890297,2.6717732578377387,0.5434115100686926,NORMAL,DECLINING,-5.42442881149467,-0.5265830306887767,high,12,2026-01-11 15:35:49
192,2026-01-11T15:35:49,193-304,0.17820061518704433,0.2996498497096183,5.410030759352216,1.5457230741006331,NORMAL,DECLINING,-7.330845654159041,5.082600165044474,high,12,2026-01-11 15:35:49
193,2026-01-11T15:46:10,193-211,0.8925233771768464,1.2078981671722508,2.521028143140387,0.5127514867404177,NORMAL,DECLINING,-4.799741798333112,0.19371003100909973,high,12,2026-01-11 15:46:10
194,2026-01-11T15:46:10,193-304,0.2149138912538362,0.4917781829601564,7.245694562691809,2.070198446483374,NORMAL,DECLINING,-8.893672523487202,0.2229521415838874,high,12,2026-01-11 15:46:10
195,2026-01-11T15:56:31,193-211,0.8284857544151936,1.122686898672757,1.98738128679328,0.40421314307659933,NORMAL,DECLINING,-5.073080678975943,1.1640693923826764,high,12,2026-01-11 15:56:31
196,2026-01-11T15:56:31,193-304,0.23801899785137337,0.5021856119005657,8.400949892568669,2.4002713978767622,NORMAL,DECLINING,-6.840767207731526,0.8737324238749298,high,12,2026-01-11 15:56:31
197,2026-01-11T16:06:52,193-211,0.7516452974582029,1.1000319452346252,1.3470441454850242,0.273975080437632,NORMAL,DECLINING,-6.386506106921316,0.22916263934370856,high,12,2026-01-11 16:06:52
198,2026-01-11T16:06:52,193-304,0.19208913610469258,0.4344485876066675,6.104456805234628,1.7441305157813223,NORMAL,RISING,3.482899222184286,0.8783268632097595,high,12,2026-01-11 16:06:52
199,2026-01-11T16:17:12,193-211,0.7301145210665005,1.0661536340248903,1.1676210088875048,0.2374822390957637,NORMAL,ACCELERATING_DOWN,-7.928008842696556,-2.686889400905985,high,12,2026-01-11 16:17:12
200,2026-01-11T16:17:12,193-304,0.2397361372137059,0.5348136278145965,8.486806860685295,2.4248019601957984,NORMAL,STABLE,2.9001608682337863,-0.17658065052913138,high,12,2026-01-11 16:17:12
201,2026-01-11T16:27:32,193-211,0.8294560109247744,1.1873103871116255,1.9954667577064535,0.40585764563521093,NORMAL,ACCELERATING_DOWN,-11.797540347137279,-4.114721336027557,high,12,2026-01-11 16:27:32
202,2026-01-11T16:27:32,193-304,0.20683228409003807,0.49339388547357554,6.841614204501902,1.954746915571972,NORMAL,RISING,6.26975441073257,1.2184997143385317,high,12,2026-01-11 16:27:32
203,2026-01-11T16:37:51,193-211,0.7367862138992969,1.0190756484749173,1.2232184491608076,0.2487901930496558,NORMAL,ACCELERATING_DOWN,-9.518750349136251,-3.774432441262051,high,12,2026-01-11 16:37:51
204,2026-01-11T16:37:51,193-304,0.22604792682467867,0.4498189239717849,7.8023963412339326,2.2292560974954094,NORMAL,RISING,6.2585558276985145,-0.5866732787997968,high,12,2026-01-11 16:37:51
205,2026-01-11T16:48:11,193-211,0.805737655475613,1.1359224215428778,1.797813795630109,0.3656570431790052,NORMAL,DECLINING,-12.468036138869028,-1.7794368618769472,high,12,2026-01-11 16:48:11
206,2026-01-11T16:48:11,193-304,0.21420138469959582,0.49658974285200674,7.21006923497979,2.060019781422797,NORMAL,ACCELERATING_UP,6.16507669491774,2.925848928747747,high,12,2026-01-11 16:48:11
207,2026-01-11T16:58:29,193-211,0.7025381082180004,1.002051448411934,0.9378175684833373,0.19074255630169573,NORMAL,DECLINING,-12.528190109581153,0.8524245356517449,high,12,2026-01-11 16:58:29
208,2026-01-11T16:58:29,193-304,0.23687749239760425,0.48962371507796565,8.343874619880213,2.383964177108632,NORMAL,RISING,6.2877122341345,0.4896961890672513,high,12,2026-01-11 16:58:29
209,2026-01-11T17:08:50,193-211,0.6717149336283055,0.9276585797757,0.6809577802358793,0.13849988750560258,NORMAL,DECLINING,-13.205791840725537,1.2476753337568214,high,12,2026-01-11 17:08:50
210,2026-01-11T17:08:50,193-304,0.20793311303089457,0.4446906512322588,6.8966556515447275,1.9704730432984936,NORMAL,STABLE,2.849371371108372,4.415063027180774,high,12,2026-01-11 17:08:50
211,2026-01-11T17:19:11,193-211,0.748203771640156,1.010416933912222,1.3183647636679665,0.26814198583077287,NORMAL,DECLINING,-14.475634915398427,1.3656888220125758,high,12,2026-01-11 17:19:11
212,2026-01-11T17:19:11,193-304,0.2236295740453924,0.4527558023708549,7.68147870226962,2.1947082006484626,NORMAL,RISING,5.447495100383818,-1.6757111299062888,high,12,2026-01-11 17:19:11
213,2026-01-11T17:29:32,193-211,0.7990892176086799,1.135696270072902,1.7424101467389994,0.35438850442149145,NORMAL,DECLINING,-12.68489166293345,2.7727348077599885,high,12,2026-01-11 17:29:32
214,2026-01-11T17:29:32,193-304,0.22258387009818925,0.4777171382610499,7.629193504909462,2.1797695728312747,NORMAL,RISING,8.446004562155867,-3.1545859240837832,high,12,2026-01-11 17:29:32
215,2026-01-11T17:39:50,193-211,0.9149745900035544,1.2934485956258648,2.7081215833629537,0.550804389836533,NORMAL,DECLINING,-11.767566736067055,5.602424429426715,high,12,2026-01-11 17:39:50
216,2026-01-11T17:39:50,193-304,0.21066599432532307,0.470568212295575,7.033299716266153,2.009514204647472,NORMAL,RISING,5.98245177372711,-2.9614699595916165,high,12,2026-01-11 17:39:50
217,2026-01-11T17:50:12,193-211,0.7214089204192202,1.0921617087770104,1.0950743368268354,0.22272698376139027,NORMAL,STABLE,0.9238148817950049,2.960496326754541,high,12,2026-01-11 17:50:12
218,2026-01-11T17:50:12,193-304,0.124117496469478,0.22915383788109134,2.7058748234739,0.7731070924211142,NORMAL,ACCELERATING_DOWN,-8.773485982225868,-9.134349124443217,high,12,2026-01-11 17:50:12
219,2026-01-11T18:00:30,193-211,0.7446979536116434,1.110404332445258,1.2891496134303617,0.2621999213756668,NORMAL,STABLE,-0.9935175898823038,1.3632201881614352,high,12,2026-01-11 18:00:30
220,2026-01-11T18:00:30,193-304,0.1101978441387832,0.19164874706650137,2.0098922069391594,0.5742549162683313,NORMAL,ACCELERATING_DOWN,-19.103296550070993,-10.651849267820817,high,12,2026-01-11 18:00:30
221,2026-01-11T18:10:47,193-211,0.736529426980205,1.0914170617685217,1.221078558168375,0.2483549609833983,NORMAL,STABLE,-1.3393185413794937,-0.031608532162971624,high,12,2026-01-11 18:10:47
222,2026-01-11T18:10:47,193-304,0.20708125177089887,0.47993890976091436,6.854062588544942,1.9583035967271263,NORMAL,ACCELERATING_DOWN,-28.25099523477514,-14.542559486125395,high,12,2026-01-11 18:10:47
223,2026-01-11T18:21:07,193-211,0.8288270879819635,1.2198051514187167,1.9902257331830293,0.40479167454570086,NORMAL,STABLE,-0.2404207738894391,-2.6171659065405573,high,12,2026-01-11 18:21:07
224,2026-01-11T18:21:07,193-304,0.19713946485754885,0.46878270887694207,6.356973242877442,1.8162780693935547,NORMAL,ACCELERATING_DOWN,-21.346507932838005,-6.928526890059403,high,12,2026-01-11 18:21:07
225,2026-01-11T18:31:25,193-211,0.8864261823602622,1.2686478453671732,2.470218186335518,0.5024172582377325,NORMAL,STABLE,2.2878837068442706,-3.3361701235587917,high,12,2026-01-11 18:31:25
226,2026-01-11T18:31:25,193-304,0.19333055715043912,0.4626925764302827,6.166527857521955,1.76186510214913,NORMAL,DECLINING,-20.0793108698508,2.013038317700498,high,12,2026-01-11 18:31:25
227,2026-01-11T18:41:43,193-211,0.8714853291109321,1.252583051755697,2.345711075924435,0.47709377815412235,NORMAL,RISING,7.075032041195844,0.10609939754190291,high,12,2026-01-11 18:41:43
228,2026-01-11T18:41:43,193-304,0.12365221729506315,0.2907316092766732,2.682610864753157,0.7664602470723305,NORMAL,DECLINING,-14.037062724704164,12.773974395696166,high,12,2026-01-11 18:41:43
229,2026-01-11T18:52:01,193-211,0.9413592133220687,1.332584710458371,2.927993444350573,0.5955240903763878,NORMAL,ACCELERATING_UP,7.818985943761388,2.5403394043818395,high,12,2026-01-11 18:52:01
230,2026-01-11T18:52:01,193-304,0.20082530053174796,0.45206851912200907,6.541265026587397,1.8689328647392562,NORMAL,DECLINING,-16.822579235807154,7.510851498949273,high,12,2026-01-11 18:52:01
231,2026-01-11T19:02:19,193-211,0.736648655345757,1.132094333456024,1.2220721278813083,0.24855704295891018,NORMAL,ACCELERATING_UP,8.36470063832911,6.026309701800334,high,12,2026-01-11 19:02:19
232,2026-01-11T19:02:19,193-304,0.14824020130229432,0.3994431538761143,3.9120100651147154,1.1177171614613473,NORMAL,DECLINING,-10.006956776444786,14.62427980084337,high,12,2026-01-11 19:02:19
233,2026-01-11T19:12:38,193-211,0.98751757884654,1.3758530312921442,3.312646490387834,0.6737586082144746,NORMAL,ACCELERATING_UP,3.447779719235962,5.8012864050939195,high,12,2026-01-11 19:12:38
234,2026-01-11T19:12:38,193-304,0.2154142485957813,0.5040650154012827,7.2707124297890635,2.077346408511161,NORMAL,DECLINING,-8.906525930415244,8.609671261129686,high,12,2026-01-11 19:12:38
235,2026-01-11T19:22:56,193-211,0.9110464220233494,1.2822542741501675,2.675386850194579,0.5441464780056771,NORMAL,ACCELERATING_UP,12.138911185363831,5.129499252684243,high,12,2026-01-11 19:22:56
236,2026-01-11T19:22:56,193-304,0.2129422801060299,0.4978349860354747,7.147114005301494,2.0420325729432838,NORMAL,ACCELERATING_UP,4.623149906792784,10.347248528394772,high,12,2026-01-11 19:22:56
237,2026-01-11T19:33:16,193-211,1.0004622860683705,1.3609599945106963,3.4205190505697547,0.6956987899463908,NORMAL,RISING,15.444650562410677,0.3956227842246842,high,12,2026-01-11 19:33:16
238,2026-01-11T19:33:16,193-304,0.2289344393263386,0.5075900569159257,7.94672196631693,2.2704919903762657,NORMAL,RISING,12.014433484057346,1.6303132462350352,high,12,2026-01-11 19:33:16
239,2026-01-11T19:43:34,193-211,0.9520930468674456,1.318761485273268,3.0174420572287133,0.6137170285888909,NORMAL,RISING,18.258652710552088,-1.1805450473950323,high,12,2026-01-11 19:43:34
240,2026-01-11T19:43:34,193-304,0.2056076597194041,0.49141379034969557,6.780382985970204,1.9372522817057725,NORMAL,RISING,22.60878257010934,-0.7542342147182228,high,12,2026-01-11 19:43:34
241,2026-01-11T19:53:54,193-211,0.8029427175997954,1.1384161563275192,1.774522646664962,0.3609198603386364,NORMAL,RISING,16.910882670620776,-2.445737273632167,high,12,2026-01-11 19:53:54
242,2026-01-11T19:53:54,193-304,0.22192501380658758,0.5054759455167206,7.596250690329378,2.170357340094108,NORMAL,ACCELERATING_UP,16.713867699823776,3.794161978278653,high,12,2026-01-11 19:53:54
243,2026-01-11T20:03:12,193-211,0.929793826157228,1.2867299179109892,2.8316152179769007,0.5759217392495392,NORMAL,RISING,5.3782210816542015,-3.6347994577558986,high,12,2026-01-11 20:03:12
244,2026-01-11T20:03:12,193-304,0.2210206706915363,0.5337864138068902,7.551033534576814,2.1574381527362325,NORMAL,RISING,12.675066827837455,0.22352877276895375,high,12,2026-01-11 20:03:12
245,2026-01-11T20:13:30,193-211,0.992186321145681,1.3845054796462124,3.351552676214008,0.6816717307553916,NORMAL,STABLE,2.540809362892824,-2.146159848721843,high,12,2026-01-11 20:13:30
246,2026-01-11T20:13:30,193-304,0.22273218354007351,0.5388802825565486,7.636609177003675,2.181888336286764,NORMAL,RISING,13.447702786613135,-1.7466754709297811,high,12,2026-01-11 20:13:30
247,2026-01-11T20:23:47,193-211,0.9881573825520205,1.387340318562372,3.3179781879335044,0.674843021274611,NORMAL,RISING,3.570306619142637,-1.642320809259004,high,12,2026-01-11 20:23:47
248,2026-01-11T20:23:47,193-304,0.22258139284011857,0.4933927100593296,7.629069642005928,2.179734183430265,NORMAL,RISING,11.898567840183448,-6.826059458931387,high,12,2026-01-11 20:23:47
249,2026-01-11T20:34:07,193-211,1.021277474597194,1.3995679745628822,3.593978954976617,0.7309787705037187,NORMAL,STABLE,2.5909451167160773,1.554465886844001,high,12,2026-01-11 20:34:07
250,2026-01-11T20:34:07,193-304,0.20144187463740426,0.44834998470712684,6.572093731870212,1.877741066248632,NORMAL,RISING,5.556638323925264,-3.0710386200628306,high,12,2026-01-11 20:34:07
251,2026-01-11T20:41:24,193-211,0.9931339847083747,1.371648214574023,3.3594498725697894,0.6832779401836859,NORMAL,RISING,6.244536311929259,0.8649174330908272,high,12,2026-01-11 20:41:24
252,2026-01-11T20:41:24,193-304,0.18358743716371162,0.4001412302963905,5.67937185818558,1.6226776737673085,NORMAL,RISING,3.139917371131254,-4.627615355532986,high,12,2026-01-11 20:41:24
253,2026-01-11T20:52:01,193-211,0.8852405229164915,1.2287891581750432,2.4603376909707624,0.5004076659601551,NORMAL,STABLE,2.7900351368602063,2.8952341510537933,high,12,2026-01-11 20:52:01
254,2026-01-11T20:52:01,193-304,0.21126098603193944,0.43961465683304146,7.063049301596971,2.018014086170563,NORMAL,STABLE,-2.0817666569669155,-5.22157287141542,high,12,2026-01-11 20:52:01
255,2026-01-11T20:53:48,193-211,0.8852405229164915,1.2287891581750432,2.4603376909707624,0.5004076659601551,NORMAL,STABLE,2.815165339436056,0.8189037190857834,high,12,2026-01-11 20:53:48
256,2026-01-11T20:53:48,193-304,0.21126098603193944,0.43961465683304146,7.063049301596971,2.018014086170563,NORMAL,ACCELERATING_DOWN,-3.2074300614302693,-3.6435129050277766,high,12,2026-01-11 20:53:48
257,2026-01-11T20:57:27,193-211,1.0301950670522908,1.4143475149561695,3.6682922254357573,0.7460933339869337,NORMAL,STABLE,-0.6970321653185791,-1.708251136334465,high,12,2026-01-11 20:57:27
258,2026-01-11T20:57:27,193-304,0.1900445938292501,0.4408276265553015,6.002229691462504,1.7149227689892867,NORMAL,ACCELERATING_DOWN,-4.428453026114238,-2.225144039617032,high,12,2026-01-11 20:57:27
259,2026-01-11T21:05:43,193-211,0.9595843417446961,1.3128084837689222,3.0798695145391344,0.6264141385503325,NORMAL,RISING,4.5816343219557165,-0.8471117417269728,high,12,2026-01-11 21:05:43
260,2026-01-11T21:05:43,193-304,0.1911599874496055,0.456021412353385,6.057999372480274,1.7308569635657924,NORMAL,ACCELERATING_DOWN,-5.985498277070123,-2.2680582617861265,high,12,2026-01-11 21:05:43
261,2026-01-11T21:07:43,193-211,0.9887511838676932,1.362878259866382,3.3229265322307775,0.675849464182531,NORMAL,RISING,4.5816343219557165,-0.8471117417269728,high,12,2026-01-11 21:07:43
262,2026-01-11T21:07:43,193-304,0.19406010159367693,0.4218560622201917,6.203005079683845,1.7722871656239558,NORMAL,ACCELERATING_DOWN,-5.985498277070123,-2.2680582617861265,high,12,2026-01-11 21:07:43
263,2026-01-11T21:18:00,193-211,0.8861392438691462,1.2558230195374698,2.4678270322428855,0.5019309218121123,NORMAL,RISING,4.984151584508683,-3.1883029248749577,high,12,2026-01-11 21:18:00
264,2026-01-11T21:18:00,193-304,0.23364951588321148,0.5145308897468439,8.182475794160574,2.337850226903021,NORMAL,DECLINING,-8.676000225148455,-0.09524760103147034,high,12,2026-01-11 21:18:00
265,2026-01-11T21:28:16,193-211,0.9033586970577039,1.2932346489064201,2.611322475480866,0.5311164356910236,NORMAL,STABLE,0.031037869552941237,-1.520588456341917,high,12,2026-01-11 21:28:16
266,2026-01-11T21:28:16,193-304,0.19195951822888624,0.4213736189612778,6.097975911444311,1.7422788318412317,NORMAL,DECLINING,-7.2317438296788366,3.3547651199068955,high,12,2026-01-11 21:28:16
267,2026-01-11T21:38:35,193-211,0.917170159211973,1.3169793217997148,2.7264179934331083,0.5545256935796153,NORMAL,STABLE,-0.4995214630514459,-1.6305538449607522,high,12,2026-01-11 21:38:35
268,2026-01-11T21:38:35,193-304,0.19305792289032375,0.4844278160004407,6.152896144516187,1.7579703270046247,NORMAL,DECLINING,-8.93425145389204,4.710322275100857,high,12,2026-01-11 21:38:35
269,2026-01-11T21:48:55,193-211,0.953088754127311,1.316864845073611,3.025739617727592,0.6154046680123916,NORMAL,STABLE,-2.103281093520645,-0.001714180334648451,high,12,2026-01-11 21:48:55
270,2026-01-11T21:48:55,193-304,0.20228394387939996,0.4305057255738154,6.614197193969997,1.8897706268485706,NORMAL,DECLINING,-7.029922048865772,1.66647659985286,high,12,2026-01-11 21:48:55
271,2026-01-11T21:59:15,193-211,0.8748635419530952,1.248738214249487,2.3738628496091274,0.48281956263236486,NORMAL,STABLE,-2.8420749014986297,1.0808815434303307,high,12,2026-01-11 21:59:15
272,2026-01-11T21:59:15,193-304,0.21252341956543397,0.4200666095305041,7.1261709782716975,2.0360488509347707,NORMAL,DECLINING,-4.146398229849731,1.917965906348273,high,12,2026-01-11 21:59:15
273,2026-01-11T22:09:35,193-211,0.7141553425631164,0.9932596001483738,1.034627854692637,0.21043278400528212,NORMAL,DECLINING,-4.9150050549326565,-0.9445652979612816,high,12,2026-01-11 22:09:35
274,2026-01-11T22:09:35,193-304,0.2251379911143565,0.41474550115568265,7.756899555717824,2.2162570159193784,NORMAL,STABLE,0.3697015418996222,2.4048326222480902,high,12,2026-01-11 22:09:35
275,2026-01-11T22:20:14,193-211,0.8093620377829303,1.097756693091728,1.8280169815244192,0.3718000640388649,NORMAL,DECLINING,-9.049188578926113,-0.9122929053886443,high,12,2026-01-11 22:20:14
276,2026-01-11T22:20:14,193-304,0.20559624467852577,0.3978540415460019,6.779812233926288,1.937089209693225,NORMAL,ACCELERATING_UP,4.8139439930330665,3.357004033124554,high,12,2026-01-11 22:20:14
277,2026-01-11T22:30:33,193-211,0.9592669841804722,1.2700336584267347,3.077224868170602,0.6258762443736817,NORMAL,ACCELERATING_DOWN,-9.33273298621863,-2.983427199260364,high,12,2026-01-11 22:30:33
278,2026-01-11T22:30:33,193-304,0.2184411857920292,0.4566635368851637,7.422059289601459,2.1205883684575597,NORMAL,RISING,4.961462452095526,1.3880866044769122,high,12,2026-01-11 22:30:33
279,2026-01-11T22:40:52,193-211,0.8453898157601625,1.1678167589253041,2.128248464668021,0.43286409450875,NORMAL,ACCELERATING_DOWN,-3.75541549007146,-2.382146645697664,high,12,2026-01-11 22:40:52
280,2026-01-11T22:40:52,193-304,0.22166903370560398,0.46597586068643526,7.583451685280198,2.166700481508628,NORMAL,ACCELERATING_UP,3.8266393219700823,2.953602535728238,high,12,2026-01-11 22:40:52
281,2026-01-11T22:51:12,193-211,0.8616758333077827,1.1721926645055953,2.2639652775648567,0.4604675140809878,NORMAL,DECLINING,-6.156820629188366,-0.8546133720802925,high,12,2026-01-11 22:51:12
282,2026-01-11T22:51:12,193-304,0.2146049923944897,0.4563791794154888,7.230249619724485,2.065785605635567,NORMAL,RISING,6.818214480319694,1.7099314136758685,high,12,2026-01-11 22:51:12
283,2026-01-11T23:01:31,193-211,0.8854062501497109,1.1830169072424952,2.4617187512475907,0.5006885595757812,NORMAL,DECLINING,-8.546019646512278,3.670250773764868,high,12,2026-01-11 23:01:31
284,2026-01-11T23:01:31,193-304,0.1489488839262938,0.3252644473097921,3.9474441963146893,1.127841198947054,NORMAL,RISING,7.993878898940801,-0.3270071142495381,high,12,2026-01-11 23:01:31
285,2026-01-11T23:11:51,193-211,0.9927591856895663,1.323351919508319,3.3563265474130533,0.6826426876094346,NORMAL,DECLINING,-4.272594804568142,3.274819162184824,high,12,2026-01-11 23:11:51
286,2026-01-11T23:11:51,193-304,0.22723614403623316,0.4848243673885344,7.861807201811657,2.2462306290890446,NORMAL,RISING,5.294292883943313,-2.6342051258274894,high,12,2026-01-11 23:11:51
287,2026-01-11T23:22:11,193-211,0.2721063214493551,0.35864904405991327,-2.649113987922041,-0.538802845001093,ALERT,STABLE,2.280312129261411,3.2266811998361824,high,12,2026-01-11 23:22:11
288,2026-01-11T23:22:11,193-304,0.14237051286631486,0.3163443063584186,3.6185256433157424,1.0338644695187835,NORMAL,RISING,5.808944525246069,-2.2392101980092,high,12,2026-01-11 23:22:11
289,2026-01-11T23:32:28,193-211,0.24379276213905499,0.37179080969857603,-2.885060315507875,-0.5867919285778729,ALERT,DECLINING,-3.3088759278444,0.2801335520005403,high,12,2026-01-11 23:32:28
290,2026-01-11T23:32:28,193-304,0.2061983775202978,0.3737470795024147,6.809918876014889,1.9456911074328254,NORMAL,RISING,6.029523647100618,-6.948249895251635,high,12,2026-01-11 23:32:28
291,2026-01-11T23:43:04,193-211,0.3994435806616847,0.4977489359174747,-1.5879701611526271,-0.3229769819293479,ALERT,ACCELERATING_DOWN,-14.042142154842551,-12.755799195865194,high,12,2026-01-11 23:43:04
292,2026-01-11T23:43:04,193-304,0.15514882226358173,0.33502177100675645,4.257441113179087,1.2164117466225959,NORMAL,STABLE,1.1033962419697758,-4.151662825023651,high,12,2026-01-11 23:43:04
293,2026-01-11T23:53:20,193-211,0.3974120512725441,0.47599820390327396,-1.6048995727287991,-0.32642025208043374,ALERT,ACCELERATING_DOWN,-27.66755464620982,-15.542147151775598,high,12,2026-01-11 23:53:20
294,2026-01-11T23:53:20,193-304,0.19132087102173,0.32565990596232064,6.0660435510865,1.7331553003104285,NORMAL,ACCELERATING_DOWN,-6.759538238653054,-3.285678948098921,high,12,2026-01-11 23:53:20
295,2026-01-12T00:03:41,193-211,0.46506099175051974,0.6015983463686752,-1.041158402079002,-0.21176103093132245,WARNING,ACCELERATING_DOWN,-34.175638875534176,-16.721202858712868,high,12,2026-01-12 00:03:41
296,2026-01-12T00:03:41,193-304,0.20402846315865864,0.3465712074179357,6.701423157932931,1.9146923308379802,NORMAL,DECLINING,-9.699465859496174,0.5742048134620322,high,12,2026-01-12 00:03:41
297,2026-01-12T00:13:57,193-211,0.40089304684520943,0.5021209621607281,-1.575891276289921,-0.32052025958439073,ALERT,DECLINING,-37.04702453560404,1.9578022662954184,high,12,2026-01-12 00:13:57
298,2026-01-12T00:13:57,193-304,0.21891153160143206,0.4086271128988148,7.445576580071602,2.127307594306172,NORMAL,DECLINING,-6.972962361701712,1.3343988720073028,high,12,2026-01-12 00:13:57
299,2026-01-12T00:24:13,193-211,0.5166170308880522,0.6385079005884653,-0.6115247425995646,-0.12437791374906398,ELEVATED,DECLINING,-48.092758254981064,3.228224281858003,high,12,2026-01-12 00:24:13
300,2026-01-12T00:24:13,193-304,0.146032411131797,0.29574986257510627,3.801620556589849,1.086177301882814,NORMAL,DECLINING,-3.2273285941189793,6.464793319534072,high,12,2026-01-12 00:24:13
301,2026-01-12T00:34:29,193-211,0.4359053824141146,0.5529858205360831,-1.2841218132157115,-0.26117731794217863,ALERT,DECLINING,-47.90338126514753,10.590641508604046,high,12,2026-01-12 00:34:29
302,2026-01-12T00:34:29,193-304,0.1824568042658985,0.3233803478672992,5.622840213294924,1.6065257752271211,NORMAL,DECLINING,-6.497697234934108,3.315546035569129,high,12,2026-01-12 00:34:29
303,2026-01-12T00:44:45,193-211,0.4955314801677382,0.6147631107010509,-0.7872376652688483,-0.1601161353089183,WARNING,DECLINING,-37.57503285950614,23.216283566172816,high,12,2026-01-12 00:44:45
304,2026-01-12T00:44:45,193-304,0.1846161516834921,0.29702575994142366,5.730807584174604,1.6373735954784583,NORMAL,DECLINING,-7.0457867377263455,4.648640271968603,high,12,2026-01-12 00:44:45
305,2026-01-12T00:55:01,193-211,0.4904777246340015,0.5862105294818174,-0.8293522947166537,-0.16868182265423468,WARNING,STABLE,-0.8755290031510189,26.198614578379598,high,12,2026-01-12 00:55:01
306,2026-01-12T00:55:01,193-304,0.15381750900922642,0.27420371092855156,4.190875450461321,1.1973929858460914,NORMAL,DECLINING,-4.420667209431476,0.5796020066932681,high,12,2026-01-12 00:55:01
307,2026-01-12T01:05:17,193-211,0.46556709102446536,0.6024136897375145,-1.0369409081294552,-0.21090323555175358,WARNING,ACCELERATING_UP,10.352499829027893,21.05941754366551,high,12,2026-01-12 01:05:17
308,2026-01-12T01:05:17,193-304,0.13889060109231277,0.3296157183102193,3.444530054615638,0.9841514441758965,NORMAL,STABLE,-1.8121949414015708,-6.436859704501413,high,12,2026-01-12 01:05:17
309,2026-01-12T01:15:33,193-211,0.565653753681227,0.7024794248397628,-0.2028853859897752,-0.04126482426910682,NORMAL,RISING,16.74858851953122,-4.93326776291127,high,12,2026-01-12 01:15:33
310,2026-01-12T01:15:33,193-304,0.19146950535945972,0.34987961691205793,6.073475267972985,1.7352786479922815,NORMAL,ACCELERATING_DOWN,-14.39054782708841,-7.697953716955178,high,12,2026-01-12 01:15:33
311,2026-01-12T01:25:49,193-211,0.4724689581439847,0.5855182187980699,-0.9794253488001272,-0.19920515568816147,WARNING,RISING,32.004307944348795,-6.8683186007535095,high,12,2026-01-12 01:25:49
312,2026-01-12T01:25:49,193-304,0.1797244981599242,0.3091151234487759,5.486224907996209,1.5674928308560596,NORMAL,ACCELERATING_DOWN,-3.5131802584620972,-7.165010740458774,high,12,2026-01-12 01:25:49
313,2026-01-12T01:36:05,193-211,0.3929034431669325,0.4939899071852598,-1.642471306942229,-0.3340619607340127,ALERT,RISING,18.424794473639746,-7.170702996828162,high,12,2026-01-12 01:36:05
314,2026-01-12T01:36:05,193-304,0.16155932789371663,0.27009910370349033,4.5779663946858316,1.3079903984816659,NORMAL,DECLINING,-6.399234704682562,0.09858345564295616,high,12,2026-01-12 01:36:05
315,2026-01-12T01:46:23,193-211,0.34122401372061795,0.44599748192517685,-2.07313321899485,-0.4216542140328509,ALERT,RISING,9.569941236573749,-5.370495527428459,high,12,2026-01-12 01:46:23
316,2026-01-12T01:46:23,193-304,0.11624945949723209,0.2148083179526279,2.312472974861604,0.6607065642461726,NORMAL,ACCELERATING_DOWN,-6.113218832616895,-3.8052662116524596,high,12,2026-01-12 01:46:23
317,2026-01-12T01:56:39,193-211,0.5411189094614475,0.6092966833569751,-0.4073424211546042,-0.08284930599754661,NORMAL,STABLE,-0.9593187518503771,-10.44692457194771,high,12,2026-01-12 01:56:39
318,2026-01-12T01:56:39,193-304,0.20855735345329274,0.29185346083320196,6.927867672664636,1.9793907636184673,NORMAL,ACCELERATING_DOWN,-16.654156517158842,-3.0724383117722898,high,12,2026-01-12 01:56:39
319,2026-01-12T02:06:55,193-211,0.41886649191464365,0.5397405913377309,-1.4261125673779693,-0.2900567933650107,ALERT,STABLE,-0.5895420753612249,-6.842865694108946,high,12,2026-01-12 02:06:55
320,2026-01-12T02:06:55,193-304,0.1701896157163687,0.29244187802908606,5.009480785818435,1.4312802245195526,NORMAL,DECLINING,-12.433803746527952,8.233174192872946,high,12,2026-01-12 02:06:55
321,2026-01-12T02:17:11,193-211,0.5330594358829694,0.7606446904612927,-0.4745047009752544,-0.0965094307068314,NORMAL,ACCELERATING_DOWN,-7.6512642726419635,-8.504911121575525,high,12,2026-01-12 02:17:11
322,2026-01-12T02:17:11,193-304,0.14354878343745758,0.2655127041014569,3.6774391718728787,1.0506969062493938,NORMAL,DECLINING,-5.522359946777944,6.00217256844039,high,12,2026-01-12 02:17:11
323,2026-01-12T02:27:26,193-211,0.41106892187621247,0.5469566109872277,-1.4910923176982291,-0.30327301376913135,ALERT,DECLINING,-7.110612267580041,0.4891001271633148,high,12,2026-01-12 02:27:26
324,2026-01-12T02:27:26,193-304,0.11749931218206111,0.1881326180434968,2.374965609103055,0.6785616026008728,NORMAL,ACCELERATING_DOWN,-3.221743887459052,-4.1004119038612,high,12,2026-01-12 02:27:26
325,2026-01-12T02:37:43,193-211,0.32418230506070067,0.4137306759847994,-2.215147457827494,-0.4505384659988124,ALERT,DECLINING,-6.784895425404619,0.2893612508143468,high,12,2026-01-12 02:37:43
326,2026-01-12T02:37:43,193-304,0.14007014349847235,0.23999887383098883,3.5035071749236173,1.0010020499781762,NORMAL,ACCELERATING_DOWN,-14.64357738380548,-5.090196858156197,high,12,2026-01-12 02:37:43
327,2026-01-12T02:48:00,193-211,0.4575335791874413,0.673084470880323,-1.1038868401046555,-0.22451935730942146,WARNING,DECLINING,-12.153572387226438,2.4106115131507218,high,12,2026-01-12 02:48:00
328,2026-01-12T02:48:00,193-304,0.16587249591709696,0.30764728813310116,4.793624795854848,1.3696070845299564,NORMAL,ACCELERATING_DOWN,-15.26916928289328,-5.550485670648957,high,12,2026-01-12 02:48:00
329,2026-01-12T02:58:19,193-211,0.45290981970750543,0.6316624657966496,-1.142418169104121,-0.23235623778388906,WARNING,DECLINING,-9.705084237116685,1.0362797916101198,high,12,2026-01-12 02:58:19
330,2026-01-12T02:58:19,193-304,0.15897990304423937,0.2840075352249376,4.448995152211968,1.2711414720605623,NORMAL,DECLINING,-6.620022852495964,-1.6061136689504627,high,12,2026-01-12 02:58:19
331,2026-01-12T03:08:35,193-211,0.5981074952187688,0.8415651200578527,0.06756246015640714,0.013741517319947215,NORMAL,DECLINING,-6.733328907888987,4.535787191904964,high,12,2026-01-12 03:08:35
332,2026-01-12T03:08:35,193-304,0.15788191743118318,0.29689965722089706,4.394095871559159,1.2554559633026168,NORMAL,ACCELERATING_DOWN,-8.648809066775753,-3.392926687243483,high,12,2026-01-12 03:08:35
333,2026-01-12T03:18:53,193-211,0.652761260133075,0.9473399683028925,0.5230105011089586,0.10637501717470346,NORMAL,STABLE,-2.6401015574211284,9.432634923353277,high,12,2026-01-12 03:18:53
334,2026-01-12T03:18:53,193-304,0.13976712874721775,0.27467529522929235,3.488356437360887,0.9966732678173963,NORMAL,DECLINING,-8.829886900539659,6.398759296149774,high,12,2026-01-12 03:18:53
335,2026-01-12T03:29:09,193-211,0.6643431582810293,0.9381597974256359,0.6195263190085778,0.12600535301869378,NORMAL,ACCELERATING_UP,16.451234738273204,11.20309178040254,high,12,2026-01-12 03:29:09
336,2026-01-12T03:29:09,193-304,0.1868029837640086,0.3082982963032119,5.84014918820043,1.6686140537715513,NORMAL,DECLINING,-8.188510760539847,5.778504040609529,high,12,2026-01-12 03:29:09
337,2026-01-12T03:39:27,193-211,0.5251060447509821,0.7518363917839888,-0.5407829604084823,-0.10998975465935232,ELEVATED,ACCELERATING_UP,24.465256590467842,12.310368832578153,high,12,2026-01-12 03:39:27
338,2026-01-12T03:39:27,193-304,0.19777358430671654,0.36504933207243484,6.388679215335826,1.825336918667379,NORMAL,STABLE,0.4564349159030093,9.027179908970318,high,12,2026-01-12 03:39:27
339,2026-01-12T03:49:44,193-211,0.5659885104840745,0.8265612947126257,-0.20009574596604557,-0.040697439857500795,NORMAL,ACCELERATING_UP,20.782794277368634,7.5295545443899785,high,12,2026-01-12 03:49:44
340,2026-01-12T03:49:44,193-304,0.15390455800994296,0.31983831191066203,4.195227900497148,1.198636542999185,NORMAL,ACCELERATING_UP,15.721390625235143,10.353155672268695,high,12,2026-01-12 03:49:44
341,2026-01-12T04:00:01,193-211,0.6362715209067771,0.7709386305899093,0.38559600755647594,0.07842630662165612,NORMAL,ACCELERATING_UP,16.34619762195402,8.440817329207492,high,12,2026-01-12 04:00:01
342,2026-01-12T04:00:01,193-304,0.21996630711831244,0.3293255441694649,7.498315355915621,2.1423758159758917,NORMAL,STABLE,-1.3095854899642279,9.121148386369436,high,12,2026-01-12 04:00:01
343,2026-01-12T04:10:17,193-211,0.5827705291644873,0.7184211879421807,-0.0602455902959385,-0.012253340399173931,NORMAL,RISING,22.573729129739313,-0.043008206063306374,high,12,2026-01-12 04:10:17
344,2026-01-12T04:10:17,193-304,0.25475002929984614,0.3774103647610354,9.237501464992306,2.6392861328549446,NORMAL,ACCELERATING_UP,18.338957970604508,7.484041098934574,high,12,2026-01-12 04:10:17
345,2026-01-12T04:20:35,193-211,0.5590823144872346,0.7495205426137241,-0.25764737927304515,-0.05240285680129731,NORMAL,RISING,20.589686819983342,-4.3667342504314055,high,12,2026-01-12 04:20:35
346,2026-01-12T04:20:35,193-304,0.1484436611372244,0.2748592736182123,3.9221830568612197,1.120623730531777,NORMAL,ACCELERATING_UP,33.70927615012536,7.6913474776633555,high,12,2026-01-12 04:20:35
347,2026-01-12T04:30:52,193-211,0.5979229850232857,0.7936481615575399,0.06602487519404751,0.01342878817506051,NORMAL,RISING,20.225042596930926,-13.757921878555099,high,12,2026-01-12 04:30:52
348,2026-01-12T04:30:52,193-304,0.18019732617714723,0.2896827747636346,5.509866308857361,1.5742475168163887,NORMAL,ACCELERATING_UP,33.15120416729206,3.8303367869395757,high,12,2026-01-12 04:30:52
349,2026-01-12T04:41:09,193-211,0.5796157999569909,0.7750690062733936,-0.08653500035840922,-0.01760033905594764,NORMAL,RISING,15.561236474785417,-10.816021618669707,high,12,2026-01-12 04:41:09
350,2026-01-12T04:41:09,193-304,0.192829588376767,0.3176679990643976,6.141479418838349,1.7547084053823856,NORMAL,RISING,18.83193450994332,-4.021794682840915,high,12,2026-01-12 04:41:09
351,2026-01-12T04:51:27,193-211,0.5374692604669828,0.7537235194113947,-0.43775616277514273,-0.08903515175087648,NORMAL,RISING,8.577578291878982,-5.966359911304371,high,12,2026-01-12 04:51:27
352,2026-01-12T04:51:27,193-304,0.22214708864740285,0.3835258459640829,7.607354432370141,2.1735298378200403,NORMAL,RISING,12.129299667987384,0.1073486522232565,high,12,2026-01-12 04:51:27
353,2026-01-12T05:01:44,193-211,0.6109165745076419,0.8288208561863577,0.17430478756368292,0.035451821199393135,NORMAL,STABLE,-2.5156412008428215,-5.560075518920323,high,12,2026-01-12 05:01:44
354,2026-01-12T05:01:44,193-304,0.19129161512153336,0.3021318405700253,6.064580756076667,1.7327373588790478,NORMAL,RISING,18.733506989823503,-2.3183708111761954,high,12,2026-01-12 05:01:44
355,2026-01-12T05:12:01,193-211,0.6900408400238129,0.9203018287597455,0.8336736668651081,0.16956074580307284,NORMAL,DECLINING,-4.2581633032479065,1.4267018896794712,high,12,2026-01-12 05:12:01
356,2026-01-12T05:12:01,193-304,0.16795354673584129,0.2701040702720565,4.897677336792064,1.3993363819405895,NORMAL,RISING,14.636392116375585,-3.953198364710305,high,12,2026-01-12 05:12:01
357,2026-01-12T05:22:19,193-211,0.655049567030848,0.8958443929140953,0.5420797252570674,0.11025350344211539,NORMAL,STABLE,0.3571850905261985,4.166608771318389,high,12,2026-01-12 05:22:19
358,2026-01-12T05:22:19,193-304,0.1933938850686534,0.34427019805113,6.169694253432669,1.7627697866950485,NORMAL,RISING,6.891790876214106,-8.027300897919726,high,12,2026-01-12 05:22:19
359,2026-01-12T05:32:36,193-211,0.5335729761917127,0.7363760532747654,-0.47022519840239363,-0.09563902340387667,NORMAL,ACCELERATING_UP,6.9928159986127625,4.699621445922826,high,12,2026-01-12 05:32:36
360,2026-01-12T05:32:36,193-304,0.16360811508900053,0.29213830425603105,4.680405754450026,1.3372587869857215,NORMAL,STABLE,0.899792577506128,-5.627057592793343,high,12,2026-01-12 05:32:36
361,2026-01-12T05:42:51,193-211,0.5621634277339171,0.8022635172979089,-0.23197143555069022,-0.04718063095946242,NORMAL,RISING,7.122088939111475,1.2314802505883002,high,12,2026-01-12 05:42:51
362,2026-01-12T05:42:51,193-304,0.17579450918833794,0.32262587624872197,5.289725459416897,1.5113501312619704,NORMAL,ACCELERATING_DOWN,-4.163776953928664,-3.396840371517973,high,12,2026-01-12 05:42:51
363,2026-01-12T05:53:09,193-211,0.6485598950759548,0.8958268685345083,0.4879991256329569,0.0992540594507709,NORMAL,STABLE,-0.6691874442647876,0.013079479007829627,high,12,2026-01-12 05:53:09
364,2026-01-12T05:53:09,193-304,0.22899003520869243,0.42245810181180676,7.949501760434621,2.2712862172670345,NORMAL,ACCELERATING_DOWN,-6.34853099069192,-8.374065282293067,high,12,2026-01-12 05:53:09
365,2026-01-12T06:03:26,193-211,0.5238145069381859,0.7271078051638162,-0.5515457755151175,-0.11217880179968491,ELEVATED,STABLE,0.7518174793988353,0.6328593173560317,high,12,2026-01-12 06:03:26
366,2026-01-12T06:03:26,193-304,0.22103018767477955,0.40253393532051973,7.551509383738977,2.1575741096397074,NORMAL,DECLINING,-7.307696605426668,1.1169683329159223,high,12,2026-01-12 06:03:26
367,2026-01-12T06:13:42,193-211,0.46767360529298463,0.6735906308882327,-1.0193866225584611,-0.20733287238477177,WARNING,STABLE,-1.5263595916004828,-6.2940386995960065,high,12,2026-01-12 06:13:42
368,2026-01-12T06:13:42,193-304,0.17980801391531687,0.3280002168604854,5.490400695765842,1.568685913075955,NORMAL,ACCELERATING_UP,3.3711135267514467,4.187583565710671,high,12,2026-01-12 06:13:42
369,2026-01-12T06:23:59,193-211,0.7115732576177938,0.992133896382851,1.0131104801482818,0.20605636884371833,NORMAL,ACCELERATING_DOWN,-4.523435632111503,-8.12192852464003,high,12,2026-01-12 06:23:59
370,2026-01-12T06:23:59,193-304,0.21961679532946654,0.44141239107165653,7.480839766473326,2.13738279042095,NORMAL,RISING,7.595723404281891,0.0783924424901421,high,12,2026-01-12 06:23:59
371,2026-01-12T06:34:16,193-211,0.6366313399473205,0.9260267581504618,0.3885944995610041,0.07903616940223814,NORMAL,STABLE,-2.565056714484081,0.3617701691955696,high,12,2026-01-12 06:34:16
372,2026-01-12T06:34:16,193-304,0.19747380324656216,0.37714954150655267,6.373690162328107,1.821054332093745,NORMAL,ACCELERATING_UP,3.818258074098653,5.553821656045262,high,12,2026-01-12 06:34:16
373,2026-01-12T06:44:34,193-211,0.49509354556286933,0.7470894111127304,-0.790887120309422,-0.16085839735106888,WARNING,STABLE,-1.4711445133826222,-0.12689052879655968,high,12,2026-01-12 06:44:34
374,2026-01-12T06:44:34,193-304,0.14298584272899095,0.2706963700152576,3.649292136449547,1.042654896128442,NORMAL,STABLE,1.9419035122123234,3.8668751709222016,high,12,2026-01-12 06:44:34
375,2026-01-12T06:54:51,193-211,0.48899433303187223,0.6976557192965727,-0.8417138914010646,-0.1711960457086911,WARNING,DECLINING,-3.6165947328834984,-1.0529998186533611,high,12,2026-01-12 06:54:51
376,2026-01-12T06:54:51,193-304,0.22483219660120213,0.4240870459512651,7.7416098300601055,2.211888522874316,NORMAL,DECLINING,-3.667367881563033,-1.586510512682295,high,12,2026-01-12 06:54:51
377,2026-01-12T07:05:05,193-211,0.0,,,,DATA_ERROR,,,,,,2026-01-12 07:05:05
378,2026-01-12T07:05:05,193-304,0.0,,,,DATA_ERROR,,,,,,2026-01-12 07:05:05
379,2026-01-12T07:15:19,193-211,0.0,,,,DATA_ERROR,,,,,,2026-01-12 07:15:19
380,2026-01-12T07:15:19,193-304,0.0,,,,DATA_ERROR,,,,,,2026-01-12 07:15:19
381,2026-01-12T07:25:33,193-211,0.0,,,,DATA_ERROR,,,,,,2026-01-12 07:25:33
382,2026-01-12T07:25:33,193-304,0.0,,,,DATA_ERROR,,,,,,2026-01-12 07:25:33
383,2026-01-12T07:35:46,193-211,0.0,,,,DATA_ERROR,,,,,,2026-01-12 07:35:46
384,2026-01-12T07:35:46,193-304,0.0,,,,DATA_ERROR,,,,,,2026-01-12 07:35:46
385,2026-01-12T07:46:01,193-211,0.0,,,,DATA_ERROR,,,,,,2026-01-12 07:46:01
386,2026-01-12T07:46:01,193-304,0.0,,,,DATA_ERROR,,,,,,2026-01-12 07:46:01
387,2026-01-12T07:56:15,193-211,0.0,,,,DATA_ERROR,,,,,,2026-01-12 07:56:15
388,2026-01-12T07:56:15,193-304,0.0,,,,DATA_ERROR,,,,,,2026-01-12 07:56:15
389,2026-01-12T08:06:32,193-211,0.802721924917309,1.1006472220134222,1.7726827076442417,0.3605456354530661,NORMAL,DECLINING,-148.96813393702703,2.5142579407025933,high,12,2026-01-12 08:06:32
390,2026-01-12T08:06:32,193-304,0.18912392476904794,0.30628111638460753,5.956196238452396,1.7017703538435416,NORMAL,DECLINING,-140.59081276581787,0.7151909488099811,high,12,2026-01-12 08:06:32
391,2026-01-12T08:16:49,193-211,0.7498272189928095,1.0536841186246422,1.3318934916067457,0.27089359151323644,NORMAL,DECLINING,-110.34054677955768,24.962000885326816,high,12,2026-01-12 08:16:49
392,2026-01-12T08:16:49,193-304,0.19350309505062713,0.3146063827511911,6.1751547525313555,1.764329929294673,NORMAL,DECLINING,-94.3956146480295,23.028823078834716,high,12,2026-01-12 08:16:49
393,2026-01-12T08:27:05,193-211,0.9088268589858712,1.2041288949378801,2.656890491548927,0.540384506755714,NORMAL,STABLE,0.0,90.28324670291893,high,12,2026-01-12 08:27:05
394,2026-01-12T08:27:05,193-304,0.24486867167419035,0.46572527674799247,8.743433583709518,2.498123881059862,NORMAL,STABLE,-1.2243351550571717,88.76395270496944,high,12,2026-01-12 08:27:05
395,2026-01-12T08:37:23,193-211,0.7638702105396984,1.085549790109579,1.4489184211641535,0.2946952721011838,NORMAL,STABLE,0.0,96.71345168183147,high,12,2026-01-12 08:37:23
396,2026-01-12T08:37:23,193-304,0.19431654824949884,0.4439383562950905,6.215827412474941,1.7759506892785546,NORMAL,STABLE,0.0,99.626317047707,high,12,2026-01-12 08:37:23
397,2026-01-12T08:47:39,193-211,0.7267019732864215,1.0495480489314133,1.1391831107201795,0.23169825980749412,NORMAL,ACCELERATING_UP,44.40573829265466,73.55605712385078,high,12,2026-01-12 08:47:39
398,2026-01-12T08:47:39,193-304,0.14458945772813703,0.3082771797542678,3.729472886406851,1.0655636818305287,NORMAL,ACCELERATING_UP,11.974929065213828,77.84903289611135,high,12,2026-01-12 08:47:39
399,2026-01-12T08:57:59,193-211,0.6453240400105127,0.936244364002957,0.4610336667542727,0.09376955933985208,NORMAL,RISING,74.1461137136672,1.8972988032729878,high,12,2026-01-12 08:57:59
400,2026-01-12T08:57:59,193-304,0.20414380926436415,0.3615554719277121,6.707190463218207,1.916340132348059,NORMAL,ACCELERATING_UP,19.962161218885754,4.411395918167442,high,12,2026-01-12 08:57:59
401,2026-01-12T09:08:16,193-211,0.7224616564382629,1.0074239773990463,1.1038471369855243,0.2245112820987507,NORMAL,RISING,120.07305662213668,-8.216936155742717,high,12,2026-01-12 09:08:16
402,2026-01-12T09:08:16,193-304,0.15646317054672343,0.29548026751722345,4.3231585273361715,1.2351881506674773,NORMAL,RISING,129.9282351438022,1.774428572172591,high,12,2026-01-12 09:08:16
403,2026-01-12T09:18:33,193-211,0.772652607561751,1.074465284096342,1.5221050630145923,0.30958069078262895,NORMAL,RISING,101.09182663421592,-5.893331204756046,high,12,2026-01-12 09:18:33
404,2026-01-12T09:18:33,193-304,0.22286480376274653,0.47395349453674296,7.643240188137326,2.1837829108963787,NORMAL,RISING,102.08952288172404,-11.410137205821593,high,12,2026-01-12 09:18:33
405,2026-01-12T09:28:51,193-211,0.7782338343649631,1.0578728054539432,1.5686152863746925,0.31904039722875105,NORMAL,RISING,83.87480717000176,-34.90263679487809,high,12,2026-01-12 09:28:51
406,2026-01-12T09:28:51,193-304,0.17646798487093385,0.3521671818733285,5.323399243546692,1.520971212441912,NORMAL,RISING,92.48883901792998,-33.37154402823421,high,12,2026-01-12 09:28:51
407,2026-01-12T09:39:08,193-211,0.5321772255084731,0.7460812680765114,-0.48185645409605704,-0.0980047025280116,NORMAL,RISING,37.82506690758074,-31.765791618078975,high,12,2026-01-12 09:39:08
408,2026-01-12T09:39:08,193-304,0.15084100071239526,0.2746234738934552,4.042050035619763,1.1548714387485035,NORMAL,RISING,40.37813912073866,-31.578030959356028,high,12,2026-01-12 09:39:08
409,2026-01-12T09:49:25,193-211,0.6600638529480252,0.9688280755041125,0.5838654412335433,0.1187522931322461,NORMAL,RISING,3.247021430916692,-24.869259839848937,high,12,2026-01-12 09:49:25
410,2026-01-12T09:49:25,193-304,0.19412452426059001,0.44299088652929175,6.2062262130295,1.773207489437,NORMAL,RISING,17.642112930590446,-30.25523366443339,high,12,2026-01-12 09:49:25
411,2026-01-12T09:59:43,193-211,0.937474014811289,1.274583700972535,2.8956167900940755,0.5889390081547272,NORMAL,DECLINING,-7.8949194435513865,-0.6062661353667365,high,12,2026-01-12 09:59:43
412,2026-01-12T09:59:43,193-304,0.1961640223581229,0.4393652315621024,6.308201117906145,1.8023431765446127,NORMAL,RISING,3.042198376840212,-3.6979707848677643,high,12,2026-01-12 09:59:43
413,2026-01-12T10:10:00,193-211,0.776602046119379,1.1043601906147398,1.5550170509948253,0.3162746544396255,NORMAL,DECLINING,-7.07258544339231,7.915127139404922,high,12,2026-01-12 10:10:00
414,2026-01-12T10:10:00,193-304,0.19514548534849663,0.40781667968626056,6.2572742674248305,1.7877926478356658,NORMAL,STABLE,0.0660720639046338,2.5585180885672227,high,12,2026-01-12 10:10:00
415,2026-01-12T10:20:16,193-211,0.5695356469169264,0.7505765219439984,-0.17053627569227997,-0.03468534420859931,NORMAL,STABLE,0.8843480478458512,4.23974950131155,high,12,2026-01-12 10:20:16
416,2026-01-12T10:20:16,193-304,0.2094862352024256,0.40782402411589036,6.974311760121279,1.9926605028917939,NORMAL,STABLE,0.06589706578060595,6.929394850556536,high,12,2026-01-12 10:20:16
417,2026-01-12T10:30:34,193-211,0.5367529930761341,0.720848553415169,-0.44372505769888215,-0.09024916427773874,NORMAL,DECLINING,-9.959581770179653,3.660741665167743,high,12,2026-01-12 10:30:34
418,2026-01-12T10:30:34,193-304,0.17755198414146367,0.3680639776068224,5.377599207073183,1.5364569163066235,NORMAL,STABLE,1.1658098362067426,5.767830729838362,high,12,2026-01-12 10:30:34
419,2026-01-12T10:41:10,193-211,0.5253231585174176,0.7086356310317123,-0.5389736790215196,-0.10962176522471585,ELEVATED,ACCELERATING_DOWN,-9.904152884545226,-5.094932118090611,high,12,2026-01-12 10:41:10
420,2026-01-12T10:41:10,193-304,0.16246183974166595,0.32004279194063656,4.623091987083297,1.3208834248809418,NORMAL,RISING,4.4831167045920255,-0.44080702720195564,high,12,2026-01-12 10:41:10
421,2026-01-12T10:51:27,193-211,0.557484059197082,0.7640950838306089,-0.27096617335764983,-0.055111764072742334,NORMAL,ACCELERATING_DOWN,-12.16946767238754,-5.625681524196146,high,12,2026-01-12 10:51:27
422,2026-01-12T10:51:27,193-304,0.17206911307633233,0.3312043910436544,5.103455653816616,1.4581301868047474,NORMAL,RISING,3.152622475443996,-4.083992132794862,high,12,2026-01-12 10:51:27
423,2026-01-12T11:01:44,193-211,0.5539544331589079,0.7857519478533357,-0.30037972367576715,-0.06109418108659671,NORMAL,ACCELERATING_DOWN,-14.418359200679905,-11.821080366755327,high,12,2026-01-12 11:01:44
424,2026-01-12T11:01:44,193-304,0.2037752197257756,0.4008883573987507,6.68876098628878,1.9110745675110798,NORMAL,ACCELERATING_DOWN,-5.200901478175546,-2.2726230085834165,high,12,2026-01-12 11:01:44
425,2026-01-12T11:12:00,193-211,0.660123378007162,0.9650567959691712,0.5843614833930172,0.11885318306298655,NORMAL,ACCELERATING_DOWN,-19.864275608038685,-5.954916348574988,high,12,2026-01-12 11:12:00
426,2026-01-12T11:12:00,193-304,0.20216456551361173,0.40780226075495385,6.6082282756805855,1.8880652216230245,NORMAL,RISING,3.1415792231020876,-5.03655639615843,high,12,2026-01-12 11:12:00
427,2026-01-12T11:22:18,193-211,0.5980013731515443,0.8912787061770979,0.06667810959620306,0.013561649409397232,NORMAL,DECLINING,-14.772628756016099,0.7303933801112812,high,12,2026-01-12 11:22:18
428,2026-01-12T11:22:18,193-304,0.1788413749740254,0.3989571360515729,5.44206874870127,1.55487678534322,NORMAL,STABLE,1.0994260410914563,-1.027733662537756,high,12,2026-01-12 11:22:18
429,2026-01-12T11:32:35,193-211,0.6970656831427897,1.011190058884461,0.8922140261899146,0.18146725956405044,NORMAL,DECLINING,-8.583755938546753,2.2988460975970004,high,12,2026-01-12 11:32:35
430,2026-01-12T11:32:35,193-304,0.1912828716865862,0.42512669587010077,6.064143584329309,1.7326124526655169,NORMAL,RISING,3.5282277165989826,-1.3566439239479446,high,12,2026-01-12 11:32:35
431,2026-01-12T11:42:52,193-211,0.6521384292484491,0.9564289842644742,0.5178202437370762,0.10531937160754093,NORMAL,STABLE,1.721901039433748,9.83678006800371,high,12,2026-01-12 11:42:52
432,2026-01-12T11:42:52,193-304,0.16948168067693192,0.39761185207802274,4.974084033846596,1.421166866813313,NORMAL,RISING,3.00102397959795,-0.17035471171061772,high,12,2026-01-12 11:42:52
433,2026-01-12T11:53:09,193-211,0.6164867103994016,0.9107374701159863,0.2207225866616804,0.04489272949051127,NORMAL,STABLE,-2.8854342970508786,8.514102693392433,high,12,2026-01-12 11:53:09
434,2026-01-12T11:53:09,193-304,0.18883858141390597,0.416327951142069,5.941929070695298,1.6976940201986566,NORMAL,DECLINING,-4.622104331548127,1.0867138346400647,high,12,2026-01-12 11:53:09
435,2026-01-12T12:03:27,193-211,0.6219360227021671,0.925147420085036,0.2661335225180593,0.054128852037571375,NORMAL,STABLE,0.9761169011294957,13.827123927226731,high,12,2026-01-12 12:03:27
436,2026-01-12T12:03:27,193-304,0.19988899925429315,0.43703105115262275,6.494449962714657,1.8555571322041877,NORMAL,DECLINING,-3.80470126195331,1.0892699694971897,high,12,2026-01-12 12:03:27
437,2026-01-12T12:13:44,193-211,0.6896680532104345,1.0006584023350742,0.830567110086954,0.16892890374649913,NORMAL,RISING,7.512029113986996,0.6178664793220099,high,12,2026-01-12 12:13:44
438,2026-01-12T12:13:44,193-304,0.17901859844183754,0.42357344512123696,5.450929922091876,1.5574085491691074,NORMAL,STABLE,-1.5997986458431788,1.2188367049772526,high,12,2026-01-12 12:13:44
439,2026-01-12T12:24:01,193-211,0.6180215441049954,0.9118722644978625,0.2335128675416289,0.04749414255083977,NORMAL,RISING,12.032009921122008,-0.7224382116299117,high,12,2026-01-12 12:24:01
440,2026-01-12T12:24:01,193-304,0.1801660419117299,0.3841633715696551,5.508302095586495,1.5738005987389985,NORMAL,STABLE,-1.5667009868826731,2.3069692131995834,high,12,2026-01-12 12:24:01
441,2026-01-12T12:34:20,193-211,0.6816425626164238,0.9960907612806338,0.7636880218035316,0.1553263773159725,NORMAL,RISING,10.659934967735772,-3.7415034202970925,high,12,2026-01-12 12:34:20
442,2026-01-12T12:34:20,193-304,0.08843611267047713,0.2587743858964684,0.9218056335238561,0.26337303814967317,NORMAL,STABLE,1.8388368440868825,-2.8929115839514097,high,12,2026-01-12 12:34:20
443,2026-01-12T12:44:38,193-211,0.7012057468819837,1.0152973159298488,0.9267145573498642,0.18848431674912494,NORMAL,RISING,11.575621956052881,-4.28995841111614,high,12,2026-01-12 12:44:38
444,2026-01-12T12:44:38,193-304,0.21507956627462654,0.3941332668306119,7.253978313731326,2.0725652324946644,NORMAL,ACCELERATING_DOWN,-3.180577991952091,-5.5074559085933,high,12,2026-01-12 12:44:38
445,2026-01-12T12:54:55,193-211,0.6814776608363484,0.9920537479814637,0.7623138403029038,0.15504688277347195,NORMAL,RISING,8.963226051864751,-0.7970465533152784,high,12,2026-01-12 12:54:55
446,2026-01-12T12:54:55,193-304,0.1644909615211514,0.3859962562235868,4.7245480760575695,1.3498708788735911,NORMAL,STABLE,-1.9338870373143513,0.7044229220374197,high,12,2026-01-12 12:54:55
447,2026-01-12T13:05:12,193-211,0.8046074166304207,1.1314353168581155,1.7883951385868393,0.36374138411935714,NORMAL,RISING,5.62598502078044,-0.09235449012346147,high,12,2026-01-12 13:05:12
448,2026-01-12T13:05:12,193-304,0.17060294790470198,0.40281141627876327,5.030147395235099,1.437184970067171,NORMAL,DECLINING,-10.082157147658657,-0.5889955152775892,high,12,2026-01-12 13:05:12
449,2026-01-12T13:15:30,193-211,0.737127777454158,1.0199226748730412,1.2260648121179838,0.24936911432908146,NORMAL,ACCELERATING_UP,5.450205403885413,4.306382308282334,high,12,2026-01-12 13:15:30
450,2026-01-12T13:15:30,193-304,0.2034771190564797,0.3378983954304413,6.673855952823984,1.9068159865211383,NORMAL,DECLINING,-7.930656001190902,-0.6923956005114634,high,12,2026-01-12 13:15:30
451,2026-01-12T13:25:47,193-211,0.7316034401424316,1.0432172769510473,1.1800286678535972,0.24000583074988416,NORMAL,ACCELERATING_UP,10.603954763979042,2.6428077004998065,high,12,2026-01-12 13:25:47
452,2026-01-12T13:25:47,193-304,0.18819160113501088,0.4241566287507714,5.909580056750543,1.6884514447858694,NORMAL,STABLE,0.2968490363850687,1.8275374525947539,high,12,2026-01-12 13:25:47
453,2026-01-12T13:36:04,193-211,0.7377295469008036,1.0429927949733075,1.231079557506697,0.250389062543735,NORMAL,ACCELERATING_UP,8.498449188506283,2.9884531046947407,high,12,2026-01-12 13:36:04
454,2026-01-12T13:36:04,193-304,0.18402286111188282,0.2753712726734334,5.70114305559414,1.62889801588404,NORMAL,STABLE,0.11490570466523549,5.619456997127903,high,12,2026-01-12 13:36:04
455,2026-01-12T13:46:21,193-211,0.7378354394746554,1.0401214164975645,1.2319619956221282,0.25056854148246677,NORMAL,RISING,10.391600928821818,0.2691120135218211,high,12,2026-01-12 13:46:21
456,2026-01-12T13:46:21,193-304,0.1748668753971252,0.39361058863835563,5.24334376985626,1.4980982199589312,NORMAL,STABLE,1.9868813676122188,0.5868620295568541,high,12,2026-01-12 13:46:21
457,2026-01-12T13:56:38,193-211,0.8066694833895234,1.1320600485813488,1.8055790282460285,0.367236412524616,NORMAL,RISING,10.119668544554768,-2.3891243205179165,high,12,2026-01-12 13:56:38
458,2026-01-12T13:56:38,193-304,0.16450061594841525,0.40721079229601376,4.725030797420763,1.3500087992630747,NORMAL,STABLE,-1.9270610962259533,2.788493827608152,high,12,2026-01-12 13:56:38
459,2026-01-12T14:06:56,193-211,0.8182225038996354,1.1450883827855902,1.9018541991636282,0.38681780321972103,NORMAL,RISING,10.45951085739529,-1.6292053631274257,high,12,2026-01-12 14:06:56
460,2026-01-12T14:06:56,193-304,0.15459569676725327,0.3587403342316504,4.229784838362663,1.2085099538179036,NORMAL,DECLINING,-4.96525432760645,-1.5176303884549374,high,12,2026-01-12 14:06:56
461,2026-01-12T14:17:16,193-211,0.8626657787299159,1.1969286293671368,2.2722148227492993,0.46214538767782365,NORMAL,RISING,10.638593513289058,-0.6768625833337755,high,12,2026-01-12 14:17:16
462,2026-01-12T14:17:16,193-304,0.1734132520893148,0.4298795729143592,5.17066260446574,1.4773321727044968,NORMAL,ACCELERATING_DOWN,-5.458776537906943,-4.678806980102602,high,12,2026-01-12 14:17:16
463,2026-01-12T14:27:39,193-211,0.8956115695006073,1.2229956084546938,2.5467630791717277,0.5179857110179785,NORMAL,RISING,13.647007379693358,0.4049516965548952,high,12,2026-01-12 14:27:39
464,2026-01-12T14:27:39,193-304,0.1862604699543784,0.432913984985829,5.813023497718919,1.6608638564911196,NORMAL,ACCELERATING_DOWN,-5.507286489682501,-8.153274725908306,high,12,2026-01-12 14:27:39
465,2026-01-12T14:38:00,193-211,0.7652891421832884,1.0808145112282634,1.4607428515274032,0.2971002409886244,NORMAL,ACCELERATING_UP,13.346362145733496,2.736520772664617,high,12,2026-01-12 14:38:00
466,2026-01-12T14:38:00,193-304,0.1858410823172898,0.42833996856831913,5.792054115864489,1.6548726045327111,NORMAL,STABLE,-1.4038266938773512,-5.384417149579472,high,12,2026-01-12 14:38:00
467,2026-01-12T14:48:21,193-211,0.8376324232793291,1.164181642387522,2.0636035273277424,0.41971597165987984,NORMAL,ACCELERATING_UP,11.12971246196046,2.8891154060088824,high,12,2026-01-12 14:48:21
468,2026-01-12T14:48:21,193-304,0.18027259713934196,0.4184952852985351,5.513629856967097,1.5753228162763135,NORMAL,DECLINING,-4.3792933008092225,4.612922915012528,high,12,2026-01-12 14:48:21
469,2026-01-12T14:58:42,193-211,0.7965387581992074,1.114986464948399,1.7211563183267284,0.3500656918630634,NORMAL,RISING,10.443373905271699,0.7508166294766457,high,12,2026-01-12 14:58:42
470,2026-01-12T14:58:42,193-304,0.1653813510864861,0.4157484316203952,4.769067554324305,1.3625907298069442,NORMAL,STABLE,0.5147649878927542,1.8361203156907167,high,12,2026-01-12 14:58:42
471,2026-01-12T15:09:03,193-211,0.8627194738698076,1.198278315699481,2.272662282248397,0.46223639638950453,NORMAL,RISING,5.063974758997469,-1.0884296937016211,high,12,2026-01-12 15:09:03
472,2026-01-12T15:09:03,193-304,0.16704239096027695,0.4114364533370303,4.852119548013848,1.386319870861099,NORMAL,DECLINING,-3.7332889118723,5.660505432203208,high,12,2026-01-12 15:09:03
473,2026-01-12T15:19:25,193-211,0.8286520408113232,1.1546385208248555,1.9887670067610266,0.40449498442597154,NORMAL,RISING,8.623218892767662,-3.058545129183957,high,12,2026-01-12 15:19:25
474,2026-01-12T15:19:25,193-304,0.19660211488557877,0.42873580439788217,6.330105744278938,1.8086016412225536,NORMAL,DECLINING,-7.307759432024036,3.8067376304351517,high,12,2026-01-12 15:19:25
475,2026-01-12T15:29:46,193-211,0.8730407043455051,1.2108866273069525,2.3586725362125427,0.4797300073652629,NORMAL,RISING,6.661742401885203,-3.6967987613116837,high,12,2026-01-12 15:29:46
476,2026-01-12T15:29:46,193-304,0.17604434522787304,0.4205849726133879,5.302217261393652,1.5149192175410433,NORMAL,STABLE,-1.1162315442649406,2.774019615655224,high,12,2026-01-12 15:29:46
477,2026-01-12T15:40:07,193-211,0.8333235954047336,1.1631230371591688,2.0276966283727798,0.4124128735673451,NORMAL,RISING,6.3178473918682405,-2.0896773758123275,high,12,2026-01-12 15:40:07
478,2026-01-12T15:40:07,193-304,0.20054984615771598,0.45178542033886604,6.527492307885798,1.864997802253085,NORMAL,STABLE,1.2615122927699312,-0.3257833976343187,high,12,2026-01-12 15:40:07
479,2026-01-12T15:50:28,193-211,0.7984958027179756,1.1283729301534278,1.737465022649797,0.35338271647114516,NORMAL,RISING,4.734881591210112,-2.962643771436552,high,12,2026-01-12 15:50:28
480,2026-01-12T15:50:28,193-304,0.19381406711467086,0.42681044179304184,6.190703355733542,1.7687723873524406,NORMAL,RISING,7.371467269171158,-0.22633319174778505,high,12,2026-01-12 15:50:28
481,2026-01-12T16:00:48,193-211,0.7736375780876985,1.0974679463120616,1.5303131507308212,0.3112501323520314,NORMAL,STABLE,0.6759035823441704,-0.697616160429144,high,12,2026-01-12 16:00:48
482,2026-01-12T16:00:48,193-304,0.20328987390793873,0.4123495384359961,6.664493695396936,1.9041410558276959,NORMAL,RISING,7.954265048051893,0.19666484616745805,high,12,2026-01-12 16:00:48
483,2026-01-12T16:11:06,193-211,0.6284573493741661,0.9343166786256711,0.3204779114513843,0.06518194809180698,NORMAL,STABLE,-2.7431827092710157,-1.1428220195070031,high,12,2026-01-12 16:11:06
484,2026-01-12T16:11:06,193-304,0.11381784787271165,0.324852192914725,2.190892393635582,0.625969255324452,NORMAL,ACCELERATING_UP,7.812934354482776,2.4932106357026007,high,12,2026-01-12 16:11:06
485,2026-01-12T16:21:26,193-211,0.7915365195570265,1.1163930265194084,1.6794709963085548,0.3415873212830959,NORMAL,ACCELERATING_DOWN,-6.658605915210051,-3.27239774425259,high,12,2026-01-12 16:21:26
486,2026-01-12T16:21:26,193-304,0.17387879546025609,0.4139426914991935,5.193939773012804,1.4839827922893725,NORMAL,RISING,5.600785560381932,1.156453702768107,high,12,2026-01-12 16:21:26
487,2026-01-12T16:31:48,193-211,0.7915365195570265,1.1163930265194084,1.6794709963085548,0.3415873212830959,NORMAL,ACCELERATING_DOWN,-6.915127504843994,-3.734573094736515,high,12,2026-01-12 16:31:48
488,2026-01-12T16:31:48,193-304,0.17387879546025609,0.4139426914991935,5.193939773012804,1.4839827922893725,NORMAL,STABLE,0.8817098326022242,-2.0447058250169086,high,12,2026-01-12 16:31:48
489,2026-01-12T16:42:09,193-211,0.7915365195570265,1.1163930265194084,1.6794709963085548,0.3415873212830959,NORMAL,ACCELERATING_DOWN,-3.6565493251747356,-3.0308101853646003,high,12,2026-01-12 16:42:09
490,2026-01-12T16:42:09,193-304,0.17387879546025609,0.4139426914991935,5.193939773012804,1.4839827922893725,NORMAL,STABLE,-0.6098957314620461,-3.147574085248491,high,12,2026-01-12 16:42:09
491,2026-01-12T16:52:30,193-211,0.7915365195570265,1.1163930265194084,1.6794709963085548,0.3415873212830959,NORMAL,DECLINING,-4.304864501464775,-0.6445996804096933,high,12,2026-01-12 16:52:30
492,2026-01-12T16:52:30,193-304,0.17387879546025609,0.4139426914991935,5.193939773012804,1.4839827922893725,NORMAL,STABLE,0.0,-4.555689878195208,high,12,2026-01-12 16:52:30
493,2026-01-12T18:00:00,193-211,0.5,,0.3,,ALERT,FALLING,,,,,2026-01-12 16:59:23
494,2026-01-12T17:02:34,193-211,0.7826504781802406,1.1106385579591604,1.605420651502005,0.32652623420379767,NORMAL,DECLINING,-3.7433243720183196,0.4001726507430186,high,12,2026-01-12 17:02:34
495,2026-01-12T17:02:34,193-304,0.1829757177019511,0.45051564342247996,5.648785885097554,1.6139388243135868,NORMAL,STABLE,0.0,-3.2309032309269203,high,12,2026-01-12 17:02:34
